Product Name,Sales
"""While you Were Out"" Message Book, One Form per Page",25.228
"#10 Gummed Flap White Envelopes, 100/Box",41.3
#10 Self-Seal White Envelopes,108.682
"#10 White Business Envelopes,4 1/8 x 9 1/2",488.904
"#10- 4 1/8"" x 9 1/2"" Recycled Envelopes",286.672
"#10- 4 1/8"" x 9 1/2"" Security-Tint Envelopes",146.688
"#10-4 1/8"" x 9 1/2"" Premium Diagonal Seam Envelopes",176.288
#6 3/4 Gummed Flap White Envelopes,71.28
"1.7 Cubic Foot Compact ""Cube"" Office Refrigerators",2706.08
"1/4 Fold Party Design Invitations & White Envelopes, 24 8-1/2"" X 11"" Cards, 25 Env./Pack",49.980000000000004
12 Colored Short Pencils,18.2
12-1/2 Diameter Round Wall Clock,551.448
14-7/8 x 11 Blue Bar Computer Printout Paper,422.752
2300 Heavy-Duty Transfer File Systems by Perma,344.724
"24 Capacity Maxi Data Binder Racks, Pearl",3537.24
24-Hour Round Wall Clock,487.512
3-ring staple pack,42.111999999999995
3.6 Cubic Foot Counter Height Office Refrigerator,2946.2
36X48 HARDFLOOR CHAIRMAT,369.24800000000005
"3D Systems Cube Printer, 2nd Generation, Magenta",14299.89
"3D Systems Cube Printer, 2nd Generation, White",2339.982
3M Hangers With Command Adhesive,108.03999999999999
3M Office Air Cleaner,259.8
3M Organizer Strips,83.16
3M Polarizing Light Filter Sleeves,216.34
"3M Polarizing Task Lamp with Clamp Arm, Light Gray",2191.68
3M Replacement Filter for Office Air Cleaner for 20' x 33' Room,303.36
4009 Highlighters,8.04
4009 Highlighters by Sanford,171.14
50 Colored Long Pencils,138.176
"6"" Cubicle Wall Clock, Black",124.586
9-3/4 Diameter Round Wall Clock,455.07
"ACCOHIDE 3-Ring Binder, Blue, 1""",147.028
ACCOHIDE Binder by Acco,65.25399999999999
APC 7 Outlet Network SurgeArrest Surge Protector,1207.2
ARKON Windshield Dashboard Air Vent Car Mount Holder,216.95999999999998
AT&T 1070 Corded Phone,1070.304
AT&T 1080 Corded phone,1945.258
AT&T 1080 Phone,1589.084
AT&T 17929 Lendline Telephone,1339.104
AT&T 841000 Phone,1614.6
AT&T CL2909,755.9399999999999
AT&T CL82213,481.234
AT&T CL83451 4-Handset Telephone,1936.306
AT&T EL51110 DECT,377.97
AT&T SB67148 SynJ,475.128
AT&T TR1909W,1738.662
Aastra 57i VoIP phone,3684.708
Aastra 6757i CT Wireless VoIP phone,2929.984
Acco 3-Hole Punch,137.53199999999998
Acco 6 Outlet Guardian Basic Surge Suppressor,38.272
Acco 6 Outlet Guardian Premium Plus Surge Suppressor,289.456
Acco 6 Outlet Guardian Premium Surge Suppressor,432.432
Acco 6 Outlet Guardian Standard Surge Suppressor,149.916
"Acco 7-Outlet Masterpiece Power Center, Wihtout Fax/Phone Line Protection",3039.5
"Acco Banker's Clasps, 5 3/4""-Long",40.896
"Acco Clips to Go Binder Clips, 24 Clips in Two Sizes",66.03
Acco D-Ring Binder w/DublLock,235.18
"Acco Data Flex Cable Posts For Top & Bottom Load Binders, 6"" Capacity",287.868
Acco Economy Flexible Poly Round Ring Binder,11.484
Acco Expandable Hanging Binders,38.918
"Acco Flexible ACCOHIDE Square Ring Data Binder, Dark Blue, 11 1/2"" X 14"" 7/8""",410.004
"Acco Four Pocket Poly Ring Binder with Label Holder, Smoke, 1""",122.18
Acco Glide Clips,19.6
Acco Hanging Data Binders,41.910000000000004
Acco Hot Clips Clips to Go,67.116
"Acco PRESSTEX Data Binder with Storage Hooks, Dark Blue, 14 7/8"" X 11""",175.388
"Acco PRESSTEX Data Binder with Storage Hooks, Dark Blue, 9 1/2"" X 11""",62.946
"Acco PRESSTEX Data Binder with Storage Hooks, Light Blue, 9 1/2"" X 11""",67.25
Acco Perma 2700 Stacking Storage Drawers,208.18
Acco Perma 3000 Stacking Storage Drawers,373.44399999999996
Acco Perma 4000 Stacking Storage Drawers,457.96799999999996
"Acco Pressboard Covers with Storage Hooks, 14 7/8"" x 11"", Dark Blue",59.817
"Acco Pressboard Covers with Storage Hooks, 14 7/8"" x 11"", Executive Red",63.627
"Acco Pressboard Covers with Storage Hooks, 14 7/8"" x 11"", Light Blue",131.097
"Acco Pressboard Covers with Storage Hooks, 9 1/2"" x 11"", Executive Red",91.44
"Acco Recycled 2"" Capacity Laser Printer Hanging Data Binders",85.255
Acco Side-Punched Conventional Columnar Pads,41.64
"Acco Six-Outlet Power Strip, 4' Cord Length",343.076
Acco Smartsocket Color-Coded Six-Outlet AC Adapter Model Surge Protectors,448.902
"Acco Smartsocket Table Surge Protector, 6 Color-Coded Adapter Outlets",452.96500000000003
Acco Suede Grain Vinyl Round Ring Binder,38.641999999999996
Acco Translucent Poly Ring Binders,91.728
Accohide Poly Flexible Ring Binders,43.758
"Acme 10"" Easy Grip Assistive Scissors",448.76800000000003
Acme Box Cutter Scissors,306.9
"Acme Design Line 8"" Stainless Steel Bent Scissors w/Champagne Handles, 3-1/8"" Cut",45.144
Acme Design Stainless Steel Bent Scissors,88.92
Acme Elite Stainless Steel Scissors,95.076
Acme Forged Steel Scissors with Black Enamel Handles,279.3
Acme Galleria Hot Forged Steel Scissors with Colored Handles,195.05200000000002
"Acme Hot Forged Carbon Steel Scissors with Nickel-Plated Handles, 3 7/8"" Cut, 8""L",458.7
Acme Kleen Earth Office Shears,44.232
Acme Kleencut Forged Steel Scissors,35.587999999999994
Acme Office Executive Series Stainless Steel Trimmers,159.402
Acme Preferred Stainless Steel Scissors,90.88
Acme Rosewood Handle Letter Opener,43.67
Acme Serrated Blade Letter Opener,13.992
Acme Softgrip Scissors,166.056
Acme Stainless Steel Office Snips,81.424
Acme Tagit Stainless Steel Antibacterial Scissors,196.01999999999998
Acme Titanium Bonded Scissors,102.0
Acme Value Line Scissors,76.64999999999999
Acrylic Self-Standing Desk Frames,93.984
"Adams ""While You Were Out"" Message Pads",72.848
"Adams Phone Message Book, 200 Message Capacity, 8 1/16 x 11",227.04
"Adams Phone Message Book, Professional, 400 Message Capacity, 5 3/6 x 11",94.928
"Adams Telephone Message Book W/Dividers/Space For Phone Numbers, 5 1/4""X8 1/2"", 200/Messages",172.672
"Adams Telephone Message Book W/Dividers/Space For Phone Numbers, 5 1/4""X8 1/2"", 300/Messages",132.888
"Adams Telephone Message Book w/Frequently-Called Numbers Space, 400 Messages per Book",223.44
"Adams Telephone Message Books, 5 1/4 x 11",80.936
"Adams Write n' Stick Phone Message Book, 11"" X 5 1/4"", 200 Messages",40.896
Adjustable Depth Letter/Legal Cart,7730.196
Adjustable Personal File Tote,270.24800000000005
Adtran 1202752G1,1990.6419999999998
"Advantus 10-Drawer Portable Organizer, Chrome Metal Frame, Smoke Drawers",1051.7759999999998
"Advantus Employee of the Month Certificate Frame, 11 x 13-1/2",822.738
Advantus Map Pennant Flags and Round Head Tacks,87.69
Advantus Motivational Note Cards,227.94
Advantus Panel Wall Acrylic Frame,87.52
Advantus Panel Wall Certificate Holder - 8.5x11,270.84
Advantus Plastic Paper Clips,225.0
Advantus Push Pins,54.936
"Advantus Push Pins, Aluminum Head",139.44
Advantus Rolling Drawer Organizers,1115.92
Advantus Rolling Storage Box,428.75
Advantus SlideClip Paper Clips,46.376000000000005
Advantus T-Pin Paper Clips,64.042
Airmail Envelopes,1359.6660000000002
Akro Stacking Bins,91.524
Akro-Mils 12-Gallon Tote,113.202
"Alliance Big Bands Rubber Bands, 12/Pack",29.7
Alliance Rubber Bands,13.440000000000001
"Alliance Super-Size Bands, Assorted Sizes",197.61200000000002
Alphabetical Labels for Top Tab Filing,518.0
Aluminum Document Frame,244.39999999999998
Aluminum Screw Posts,354.032
AmazonBasics 3-Button USB Wired Mouse,88.074
American Pencil,48.93
Ames Color-File Green Diamond Border X-ray Mailers,1360.476
Ampad #10 Peel & Seel Holiday Envelopes,53.760000000000005
"Ampad Evidence Wirebond Steno Books, 6"" x 9""",27.468
"Ampad Gold Fibre Wirebound Steno Books, 6"" x 9"", Gregg Ruled",106.72200000000001
"Ampad Phone Message Book, Recycled, 400 Message Capacity, 5 ¾ x 11",124.8
"Ampad Poly Cover Wirebound Steno Book, 6"" x 9"" Assorted Colors, Gregg Ruled",38.135999999999996
Anderson Hickey Conga Table Tops & Accessories,51.782
"Angle-D Binders with Locking Rings, Label Holders",197.82999999999998
Angle-D Ring Binders,39.384
Anker 24W Portable Micro USB Car Charger,61.544
Anker 36W 4-Port USB Wall Charger Travel Power Adapter for iPhone 5s 5c 5,339.83
Anker Astro 15000mAh USB Portable Charger,599.88
Anker Astro Mini 3000mAh Ultra-Compact Portable Charger,147.926
Anker Ultra-Slim Mini Bluetooth 3.0 Wireless Keyboard,499.75
Anker Ultrathin Bluetooth Wireless Keyboard Aluminum Cover with Stand ,491.836
Apple EarPods with Remote and Mic,251.91
Apple iPhone 5,12996.600000000002
Apple iPhone 5C,1339.866
Apple iPhone 5S,4901.914000000001
Array Memo Cubes,54.908
"Array Parchment Paper, Assorted Colors",106.288
Artistic Insta-Plaque,156.8
Assorted Color Push Pins,34.39
Astroparche Fine Business Paper,144.672
"Ativa D5772 2-Line 5.8GHz Digital Expandable Corded/Cordless Phone System with Answering & Caller ID/Call Waiting, Black/Silver",1979.88
Ativa MDM8000 8-Sheet Micro-Cut Shredder,917.8979999999999
Ativa V4110MDD Micro-Cut Shredder,7699.89
"Atlantic Metals Mobile 2-Shelf Bookcases, Custom Colors",400.0268
"Atlantic Metals Mobile 3-Shelf Bookcases, Custom Colors",7539.7122
"Atlantic Metals Mobile 4-Shelf Bookcases, Custom Colors",5184.081
"Atlantic Metals Mobile 5-Shelf Bookcases, Custom Colors",5492.885
Avanti 1.7 Cu. Ft. Refrigerator,2221.56
Avanti 4.4 Cu. Ft. Refrigerator,3511.012
Avaya 4621SW VoIP phone,709.92
Avaya 5410 Digital phone,625.508
Avaya 5420 Digital phone,1538.886
Avaya IP Phone 1140E VoIP phone,1394.95
"Avery 05222 Permanent Self-Adhesive File Folder Labels for Typewriters, on Rolls, White, 250/Roll",20.65
"Avery 3 1/2"" Diskette Storage Pages, 10/Pack",137.808
"Avery 4027 File Folder Labels for Dot Matrix Printers, 5000 Labels per Box, White",1233.412
Avery 473,248.4
Avery 474,78.336
Avery 475,266.4
Avery 476,137.11599999999999
Avery 477,573.9639999999999
Avery 478,88.38
Avery 479,16.704
Avery 48,90.72
Avery 480,89.25
Avery 481,91.168
Avery 482,11.56
Avery 483,83.664
Avery 484,9.216
Avery 485,639.03
Avery 486,168.13
Avery 487,84.87
Avery 488,51.03
Avery 489,159.39
Avery 49,66.816
Avery 490,177.6
Avery 491,45.43
Avery 492,53.568
Avery 493,55.974000000000004
Avery 494,56.376
Avery 495,97.02
Avery 496,50.25
Avery 497,24.023999999999997
Avery 498,35.258
Avery 499,176.292
Avery 5,5.76
Avery 50,235.564
Avery 500,58.48
Avery 501,66.42
Avery 502,17.64
Avery 503,155.25
Avery 505,372.96000000000004
Avery 506,66.08
Avery 507,24.192
Avery 508,87.398
Avery 509,32.364000000000004
Avery 51,95.75999999999999
Avery 510,21.75
Avery 511,56.672
Avery 512,84.388
Avery 513,93.624
Avery 514,47.808
Avery 515,62.650000000000006
Avery 516,109.64999999999999
Avery 517,44.28
Avery 518,106.47
Avery 519,121.34599999999999
Avery 52,68.634
Avery 520,46.620000000000005
"Avery Address/Shipping Labels for Typewriters, 4"" x 2""",277.38
Avery Arch Ring Binders,1318.87
Avery Binder Labels,26.063
Avery Binding System Hidden Tab Executive Style Index Sets,91.743
Avery Durable Binders,87.264
"Avery Durable Plastic 1"" Binders",116.224
Avery Durable Poly Binders,82.95
Avery Durable Slant Ring Binders,51.480000000000004
Avery Durable Slant Ring Binders With Label Holder,90.706
"Avery Durable Slant Ring Binders, No Labels",89.55
Avery File Folder Labels,113.472
"Avery Flip-Chart Easel Binder, Black",239.466
Avery Fluorescent Highlighter Four-Color Set,65.464
"Avery Framed View Binder, EZD Ring (Locking), Navy, 1 1/2""",99.80000000000001
Avery Hanging File Binders,105.846
Avery Heavy-Duty EZD  Binder With Locking Rings,110.48400000000001
Avery Heavy-Duty EZD View Binder with Locking Rings,170.984
"Avery Hi-Liter Comfort Grip Fluorescent Highlighter, Yellow Ink",7.8
"Avery Hi-Liter EverBold Pen Style Fluorescent Highlighters, 4/Pack",219.78
Avery Hi-Liter Fluorescent Desk Style Markers,20.279999999999998
"Avery Hi-Liter GlideStik Fluorescent Highlighter, Yellow Ink",26.08
Avery Hi-Liter Pen Style Six-Color Fluorescent Set,7.7
Avery Hi-Liter Smear-Safe Highlighters,123.80799999999999
Avery Hidden Tab Dividers for Binding Systems,31.588
Avery Hole Reinforcements,116.501
Avery Legal 4-Ring Binder,258.054
Avery Metallic Poly Binders,135.80100000000002
Avery Non-Stick Binders,217.316
Avery Non-Stick Heavy Duty View Round Locking Ring Binders,68.172
Avery Personal Creations Heavyweight Cards,103.86
Avery Poly Binder Pockets,78.044
Avery Premier Heavy-Duty Binder with Round Locking Rings,191.352
Avery Printable Repositionable Plastic Tabs,115.24000000000001
Avery Recycled Flexi-View Covers for Binding Systems,197.169
Avery Reinforcements for Hole-Punch Pages,28.512
Avery Round Ring Poly Binders,36.919999999999995
Avery Self-Adhesive Photo Pockets for Polaroid Photos,143.01
"Avery Trapezoid Extra Heavy Duty 4"" Binders",314.54999999999995
"Avery Trapezoid Ring Binder, 3"" Capacity, Black, 1040 sheets",545.034
"Avery Triangle Shaped Sheet Lifters, Black, 2/Pack",25.83
Avery White Multi-Purpose Labels,95.616
Avoid Verbal Orders Carbonless Minifold Book,68.276
BIC Brite Liner Grip Highlighters,24.272
"BIC Brite Liner Grip Highlighters, Assorted, 5/Pack",118.72
BIC Brite Liner Highlighters,86.112
"BIC Brite Liner Highlighters, Chisel Tip",123.12
BIC Liqua Brite Liner,173.5
"BOSTON Model 1800 Electric Pencil Sharpeners, Putty/Woodgrain",496.248
"BOSTON Ranger #55 Pencil Sharpener, Black",618.562
BPI Conference Tables,2241.8675
Bady BDG101FRU Card Printer,9279.884
Bagged Rubber Bands,25.704
Balt Solid Wood Rectangular Table,828.0965
Balt Solid Wood Round Tables,6518.754
Balt Split Level Computer Training Table,1040.625
Barrel Sharpener,67.83000000000001
"Barricks 18"" x 48"" Non-Folding Utility Table with Bottom Storage Shelf",1088.64
"Barricks Non-Folding Utility Table with Steel Legs, Laminate Tops",136.464
"Belkin 19"" Center-Weighted Shelf, Gray",849.3119999999999
"Belkin 19"" Vented Equipment Shelf, Black",1400.256
"Belkin 325VA UPS Surge Protector, 6'",1379.172
Belkin 5 Outlet SurgeMaster Power Centers,1776.048
Belkin 6 Outlet Metallic Surge Strip,262.449
Belkin 7 Outlet SurgeMaster II,631.68
Belkin 7 Outlet SurgeMaster Surge Protector with Phone Protection,157.92
Belkin 7-Outlet SurgeMaster Home Series,106.172
Belkin 8 Outlet Surge Protector,1073.676
Belkin 8 Outlet SurgeMaster II Gold Surge Protector,737.754
Belkin 8 Outlet SurgeMaster II Gold Surge Protector with Phone Protection,647.84
Belkin 8-Outlet Premiere SurgeMaster II Surge Protectors,277.92
Belkin F5C206VTEL 6 Outlet Surge,464.196
Belkin F8E887 USB Wired Ergonomic Keyboard,563.812
Belkin F9G930V10-GRY 9 Outlet Surge,770.112
Belkin F9H710-06 7 Outlet SurgeMaster Surge Protector,516.216
Belkin F9M820V08 8 Outlet Surge,558.74
Belkin F9S820V06 8 Outlet Surge,266.336
Belkin Grip Candy Sheer Case / Cover for iPhone 5 and 5S,64.972
Belkin OmniView SE Rackmount Kit,248.35999999999999
Belkin Premiere Surge Master II 8-outlet surge protector,952.168
Belkin QODE FastFit Bluetooth Keyboard,495.6
"Belkin SportFit Armband For iPhone 5s/5c, Fuchsia",239.84
Belkin Standard 104 key USB Keyboard,265.538
Belkin iPhone and iPad Lightning Cable,83.944
Berol Giant Pencil Sharpener,254.85000000000002
Bestar Classic Bookcase,1897.8102
Bevis 36 x 72 Conference Tables,4332.252
Bevis 44 x 96 Conference Tables,3253.2200000000003
Bevis Boat-Shaped Conference Table,2542.467
"Bevis Oval Conference Table, Walnut",6942.068
Bevis Rectangular Conference Tables,1007.262
"Bevis Round Bullnose 29"" High Table Top",4544.925
Bevis Round Conference Room Tables and Bases,519.941
Bevis Round Conference Table Top & Single Column Base,2297.538
"Bevis Round Conference Table Top, X-Base",2671.421
Bevis Steel Folding Chairs,1775.075
"Bevis Traditional Conference Table Top, Plinth Base",2033.496
Binder Clips by OIC,36.112
Binder Posts,57.4
Binding Machine Supplies,667.9929999999999
"Binney & Smith Crayola Metallic Colored Pencils, 8-Color Set",88.896
"Binney & Smith Crayola Metallic Crayons, 16-Color Pack",16.176000000000002
"Binney & Smith inkTank Desk Highlighter, Chisel Tip, Yellow, 12/Box",45.15
"Binney & Smith inkTank Erasable Desk Highlighter, Chisel Tip, Yellow, 12/Box",17.64
"Binney & Smith inkTank Erasable Pocket Highlighter, Chisel Tip, Yellow",25.992
Bionaire 99.97% HEPA Air Cleaner,199.72799999999998
Bionaire Personal Warm Mist Humidifier/Vaporizer,515.79
Black & Decker Filter for Double Action Dustbuster Cordless Vac BLDV7210,229.88600000000002
"Black Avery Memo-Size 3-Ring Binder, 5 1/2"" x 8 1/2""",45.507999999999996
"Black Print Carbonless 8 1/2"" x 8 1/4"" Rapid Memo Book",64.06400000000001
"Black Print Carbonless Snap-Off Rapid Letter, 8 1/2"" x 7""",160.336
BlackBerry Q10,3099.354
Blackstonian Pencils,49.128
Blue Parrot B250XT Professional Grade Wireless Bluetooth Headset with,1229.836
"Blue String-Tie & Button Interoffice Envelopes, 10 x 13",783.608
"BlueLounge Milo Smartphone Stand, White/Metallic",335.888
Bose SoundLink Bluetooth Speaker,2865.6
Boston 1645 Deluxe Heavier-Duty Electric Pencil Sharpener,1073.112
Boston 16701 Slimline Battery Pencil Sharpener,86.076
Boston 16750 Black Compact Battery Pencil Sharpener,43.75
Boston 16765 Mini Stand Up Battery Pencil Sharpener,102.608
Boston 16801 Nautilus Battery Pencil Sharpener,444.60200000000003
Boston 1730 StandUp Electric Pencil Sharpener,171.04
Boston 1799 Powerhouse Electric Pencil Sharpener,389.70000000000005
"Boston 1827 Commercial Additional Cutter, Drive Gear & Gear Rack for 1606",59.489999999999995
Boston 1900 Electric Pencil Sharpener,14.98
Boston 19500 Mighty Mite Electric Pencil Sharpener,342.55
"Boston Electric Pencil Sharpener, Model 1818, Charcoal Black",523.59
Boston Heavy-Duty Trimline Electric Pencil Sharpeners,1166.44
Boston Home & Office Model 2000 Electric Pencil Sharpeners,297.99
Boston KS Multi-Size Manual Pencil Sharpener,533.3679999999999
"Boston Model 1800 Electric Pencil Sharpener, Gray",405.36
"Boston School Pro Electric Pencil Sharpener, 1670",873.636
BoxOffice By Design Rectangular and Half-Moon Meeting Room Tables,1706.25
"Bravo II Megaboss 12-Amp Hard Body Upright, Replacement Belts, 2 Belts per Pack",87.75
Bretford CR4500 Series Slim Rectangular Table,7242.768
Bretford CR8500 Series Meeting Room Furniture,6776.562000000001
Bretford Rectangular Conference Table Tops,12995.2915
Bretford Just In Time Height-Adjustable Multi-Task Work Tables,5634.9
"Brites Rubber Bands, 1 1/2 oz. Box",13.068000000000001
Brother DCP1000 Digital 3 in 1 Multifunction Machine,4859.838
"Brother MFC-9340CDW LED All-In-One Printer, Copier Scanner",341.991
Brown Kraft Recycled Envelopes,244.512
Bulldog Table or Wall-Mount Pencil Sharpener,77.87
Bulldog Vacuum Base Pencil Sharpener,330.924
Bush Advantage Collection Racetrack Conference Table,9544.725
Bush Advantage Collection Round Conference Table,3401.6000000000004
"Bush Andora Bookcase, Maple/Graphite Gray Finish",3317.7235
"Bush Andora Conference Table, Maple/Graphite Gray Finish",1436.232
"Bush Birmingham Collection Bookcase, Dark Cherry",825.174
"Bush Cubix Collection Bookcases, Fully Assembled",729.2339999999999
"Bush Cubix Conference Tables, Fully Assembled",3603.288
"Bush Heritage Pine Collection 5-Shelf Bookcase, Albany Pine Finish, *Special Order",3626.0056
Bush Mission Pointe Library,748.8608
"Bush Saratoga Collection 5-Shelf Bookcase, Hanover Cherry, *Special Order",119.833
Bush Somerset Collection Bookcase,1263.9569999999999
"Bush Westfield Collection Bookcases, Dark Cherry Finish",649.376
"Bush Westfield Collection Bookcases, Dark Cherry Finish, Fully Assembled",90.882
"Bush Westfield Collection Bookcases, Fully Assembled",1473.2982000000002
"Bush Westfield Collection Bookcases, Medium Cherry Finish",1426.8878
C-Line Cubicle Keepers Polyproplyene Holder With Velcro Backings,137.17
"C-Line Cubicle Keepers Polyproplyene Holder w/Velcro Back, 8-1/2x11, 25/Bx",514.556
"C-Line Magnetic Cubicle Keepers, Clear Polypropylene",136.344
"C-Line Peel & Stick Add-On Filing Pockets, 8-3/4 x 5-1/8, 10/Pack",85.995
Cameo Buff Policy Envelopes,1555.75
"Canon Color ImageCLASS MF8580Cdw Wireless Laser All-In-One Printer, Copier, Scanner",1007.979
Canon Image Class D660 Copier,3959.9339999999997
Canon Imageclass D680 Copier / Fax,8959.872
Canon PC-428 Personal Copier,4119.794
Canon PC1060 Personal Laser Copier,11619.833999999999
Canon PC1080F Personal Copier,5999.9
Canon PC170 Desktop Personal Copier,575.82
Canon PC940 Copier,5669.874
Canon imageCLASS 2200 Advanced Copier,61599.824
Canon imageCLASS MF7460 Monochrome Digital Laser Multifunction Copier,3991.98
Canvas Sectional Post Binders,422.63599999999997
Cardinal EasyOpen D-Ring Binders,209.30599999999998
"Cardinal HOLDit! Binder Insert Strips,Extra Strips",136.728
Cardinal Hold-It CD Pocket,38.304
Cardinal Holdit Business Card Pockets,87.648
Cardinal Holdit Data Disk Pockets,100.464
Cardinal Poly Pocket Divider Pockets for Ring Binders,40.32
"Cardinal Slant-D Ring Binder, Heavy Gauge Vinyl",179.014
Cardinal Slant-D Ring Binders,119.922
"Career Cubicle Clock, 8 1/4"", Black",194.68800000000002
"Carina 42""Hx23 3/4""W Media Storage Unit",1635.796
Carina Double Wide Media Storage Towers in Natural & Black,3028.652
Carina Media Storage Towers in Natural & Black,1073.248
"Carina Mini System Audio Rack, Model AR050B",2730.108
Case Logic 2.4GHz Wireless Keyboard,1229.754
Catalog Binders with Expanding Posts,1089.936
Cherry 142-key Programmable Keyboard,479.72
"Chromcraft 48"" x 96"" Racetrack Double Pedestal Table",5098.176
"Chromcraft Bull-Nose Wood 48"" x 96"" Rectangular Conference Tables",4297.644
Chromcraft Bull-Nose Wood Oval Conference Tables & Bases,9917.640000000001
"Chromcraft Bull-Nose Wood Round Conference Table Top, Wood Base",3354.89
Chromcraft Rectangular Conference Tables,4952.673
Chromcraft Round Conference Tables,8209.059
Cisco 8961 IP Phone Charcoal,224.937
Cisco 8x8 Inc. 6753i IP Business Phone System,2645.804
Cisco 9971 IP Video Phone Charcoal,4268.0
Cisco CP-7937G Unified IP Conference Station Phone,1391.4
Cisco Desktop Collaboration Experience DX650 IP Video Phone,385.8
Cisco IP Phone 7961G-GE VoIP phone,2252.4320000000002
Cisco IP Phone 7961G VoIP phone - Dark gray,1386.69
Cisco SPA 501G IP Phone,213.48
Cisco SPA 502G IP Phone,2063.14
Cisco SPA112 2 Port Phone Adapter,516.53
Cisco SPA301,4180.532
Cisco SPA508G,910.662
Cisco SPA525G2 5-Line IP Phone,1379.92
Cisco SPA525G2 IP Phone - Wireless,426.93
Cisco Small Business SPA 502G VoIP phone,882.102
Cisco TelePresence System EX90 Videoconferencing Unit,22638.48
Cisco Unified IP Phone 7945G VoIP phone,6751.602
Clarity 53712,752.2860000000001
Classic Ivory Antique Telephone ZL1810,341.666
Clear Mylar Reinforcing Strips,377.538
ClearOne CHATAttach 160 - speaker phone,6695.892
ClearOne Communications CHAT 70 OC Speaker Phone,1685.294
ClearSounds CSC500 Amplified Spirit Phone Corded phone,1119.84
Clearsounds A400,488.326
Col-Erase Pencils with Erasers,37.696
Color-Coded Legal Exhibit Labels,14.73
Colored Envelopes,50.922
Colored Push Pins,24.978
Coloredge Poster Frame,298.2
Colorific Watercolor Pencils,51.6
"Commercial WindTunnel Clean Air Upright Vacuum, Replacement Belts, Filtration Bags",50.57
Compact Automatic Electric Letter Opener,2982.75
"Companion Letter/Legal File, Black",611.712
Computer Printout Index Tabs,11.088000000000001
Computer Printout Paper with Letter-Trim Fine Perforations,191.6
Computer Printout Paper with Letter-Trim Perforations,405.95799999999997
"Computer Room Manger, 14""",636.6080000000001
"Conquest 14 Commercial Heavy-Duty Upright Vacuum, Collection System, Accessory Kit",546.816
Contemporary Borderless Frame,36.162
Contemporary Wood/Metal Frame,193.92
"Contico 72""H Heavy-Duty Storage System",598.308
"Contract Clock, 14"", Brown",334.096
Convenience Packs of Business Envelopes,58.644
Crate-A-Files,176.58
"Crayola Anti Dust Chalk, 12/Pack",59.696
Crayola Colored Pencils,120.70400000000001
Cubify CubeX 3D Printer Double Head Print,11099.963
Cubify CubeX 3D Printer Triple Head Print,7999.98
Cush Cases Heavy Duty Rugged Cover Case for Samsung Galaxy S5 - Purple,65.34
Cyber Acoustics AC-202b Speech Recognition Stereo Headset,119.508
DAX Black Cherry Wood-Tone Poster Frame,455.456
"DAX Charcoal/Nickel-Tone Document Frame, 5 x 7",168.744
DAX Clear Channel Poster Frame,119.556
"DAX Contemporary Wood Frame with Silver Metal Mat, Desktop, 11 x 14 Size",291.45599999999996
"DAX Copper Panel Document Frame, 5 x 7 Size",171.088
DAX Cubicle Frames - 8x10,125.786
"DAX Cubicle Frames, 8-1/2 x 11",145.69
"DAX Executive Solid Wood Document Frame, Desktop or Hang, Mahogany, 5 x 7",196.248
"DAX Metal Frame, Desktop, Stepped-Edge",161.92
DAX Natural Wood-Tone Poster Frame,513.712
DAX Solid Wood Frames,113.332
"DAX Two-Tone Rosewood/Black Document Frame, Desktop, 5 x 7",216.144
DAX Two-Tone Silver Metal Document Frame,234.784
"DAX Value U-Channel Document Frames, Easel Back",175.938
DAX Wood Document Frame,477.804
DAX Wood Document Frame.,159.268
DIXON Oriole Pencils,44.891999999999996
DIXON Ticonderoga Erasable Checking Pencils,94.86
DMI Arturo Collection Mission-style Design Wood Chair,4619.987999999999
DMI Eclipse Executive Suite Bookcases,11046.609
DXL Angle-View Binders with Locking Rings by Samsill,215.109
"DXL Angle-View Binders with Locking Rings, Black",124.592
DYMO CardScan Personal V9 Business Card Scanner,1343.9160000000002
"Dana Fluorescent Magnifying Lamp, White, 36""",581.172
Dana Halogen Swing-Arm Architect Lamp,1114.384
Dana Swing-Arm Lamps,108.936
"DataProducts Ampli Magnifier Task Lamp, Black,",508.72800000000007
Dax Clear Box Frame,96.03
Decoflex Hanging Personal Folder File,46.26
"Decoflex Hanging Personal Folder File, Blue",518.112
Deflect-O Glasstique Clear Desk Accessories,124.74
Deflect-o DuraMat Antistatic Studded Beveled Mat for Medium Pile Carpeting,1685.44
"Deflect-o DuraMat Lighweight, Studded, Beveled Mat for Low Pile Carpeting",673.87
"Deflect-o EconoMat Nonstudded, No Bevel Mat",702.44
"Deflect-o EconoMat Studded, No Bevel Mat for Low Pile Carpeting",1115.6399999999999
Deflect-o Glass Clear Studded Chair Mats,1579.3719999999998
"Deflect-o RollaMat Studded, Beveled Mat for Medium Pile Carpeting",1623.248
"Deflect-o SuperTray Unbreakable Stackable Tray, Letter, Black",437.70000000000005
Dell Slim USB Multimedia Keyboard,125.0
Deluxe Chalkboard Eraser Cleaner,182.49
Deluxe Heavy-Duty Vinyl Round Ring Binder,504.24
Deluxe Rollaway Locking File with Drawer,5572.792
Design Ebony Sketching Pencil,13.622
Desktop 3-Pocket Hot File,259.68
Dexim XPower Skin Super-Thin Power Case for iPhone 5 - Black,467.92
Digium D40 VoIP phone,3044.164
Disposable Triple-Filter Dust Bags,43.7
"Dixon My First Ticonderoga Pencil, #2",95.94
"Dixon Prang Watercolor Pencils, 10-Color Set with Brush",110.76
Dixon Ticonderoga Core-Lock Colored Pencils,229.572
"Dixon Ticonderoga Core-Lock Colored Pencils, 48-Color Set",431.28999999999996
"Dixon Ticonderoga Erasable Colored Pencil Set, 12-Color",75.348
"Dixon Ticonderoga Maple Cedar Pencil, #2",23.332
Dixon Ticonderoga Pencils,37.548
Document Clip Frames,45.036
"Dot Matrix Printer Tape Reel Labels, White, 5000/Box",3322.878
"Dual Level, Single-Width Filing Carts",6574.544
Durable Pressboard Binders,37.239999999999995
Easy-staple paper,2504.192
"Eaton Premium Continuous-Feed Paper, 25% Cotton, Letter Size, White, 1000 Shts/Box",1098.504
"Eberhard Faber 3 1/2"" Golf Pencils",139.872
EcoTones Memo Sheets,52.8
Economy #2 Pencils,34.58
Economy Binders,29.952
Economy Rollaway Files,3138.8
"Eldon ""L"" Workstation Diamond Chairmat",1002.936
Eldon 100 Class Desk Accessories,36.396
Eldon 200 Class Desk Accessories,133.136
"Eldon 200 Class Desk Accessories, Black",75.36
"Eldon 200 Class Desk Accessories, Burgundy",135.648
"Eldon 200 Class Desk Accessories, Smoke",138.16
"Eldon 300 Class Desk Accessories, Black",29.7
"Eldon 400 Class Desk Accessories, Black Carbon",159.25
Eldon 500 Class Desk Accessories,197.948
Eldon Advantage Chair Mats for Low to Medium Pile Carpets,563.03
Eldon Advantage Foldable Chair Mats for Low Pile Carpets,379.4
Eldon Antistatic Chair Mats for Low to Medium Pile Carpets,1431.944
"Eldon Base for stackable storage shelf, platinum",872.256
Eldon Cleatmat Chair Mats for Medium Pile Carpets,344.1
Eldon Cleatmat Plus Chair Mats for High Pile Carpets,1304.1280000000002
Eldon ClusterMat Chair Mat with Cordless Antistatic Protection,1200.936
"Eldon Delta Triangular Chair Mat, 52"" x 58"", Clear",546.192
Eldon Econocleat Chair Mats for Low Pile Carpets,331.76
Eldon Executive Woodline II Cherry Finish Desk Accessories,98.13600000000001
"Eldon Executive Woodline II Desk Accessories, Mahogany",361.87199999999996
"Eldon Expressions Desk Accessory, Wood Pencil Holder, Oak",108.08
"Eldon Expressions Desk Accessory, Wood Photo Frame, Mahogany",262.752
Eldon Expressions Mahogany Wood Desk Collection,93.6
"Eldon Expressions Punched Metal & Wood Desk Accessories, Black & Cherry",155.708
"Eldon Expressions Punched Metal & Wood Desk Accessories, Pewter & Cherry",121.296
"Eldon Expressions Wood Desk Accessories, Oak",183.024
"Eldon Expressions Wood and Plastic Desk Accessories, Cherry Wood",160.54000000000002
"Eldon Expressions Wood and Plastic Desk Accessories, Oak",149.70000000000002
Eldon File Chest Portable File,79.4
Eldon Fold 'N Roll Cart System,301.96799999999996
Eldon Gobal File Keepers,348.22
Eldon Image Series Black Desk Accessories,48.852
"Eldon Image Series Desk Accessories, Burgundy",111.18799999999999
"Eldon Image Series Desk Accessories, Ebony",180.31
"Eldon Imàge Series Desk Accessories, Clear",53.46
Eldon Jumbo ProFile Portable File Boxes Graphite/Black,36.744
Eldon Mobile Mega Data Cart  Mega Stackable  Add-On Trays,709.5
Eldon Pizzaz Desk Accessories,37.464
Eldon Portable Mobile Manager,899.304
Eldon ProFile File 'N Store Portable File Tub Letter/Legal Size Black,614.0579999999999
Eldon Radial Chair Mat for Low to Medium Pile Carpets,775.6120000000001
"Eldon Regeneration Recycled Desk Accessories, Black",39.688
"Eldon Regeneration Recycled Desk Accessories, Smoke",33.756
Eldon Shelf Savers Cubes and Bins,300.14
Eldon Simplefile Box Office,345.832
"Eldon Spacemaker Box, Quick-Snap Lid, Clear",50.768
"Eldon Stackable Tray, Side-Load, Legal, Smoke",155.38
Eldon Wave Desk Accessories,266.73
Electrix 20W Halogen Replacement Bulb for Zoom-In Desk Lamp,168.84
"Electrix Architect's Clamp-On Swing Arm Lamp, Black",2863.8
Electrix Fluorescent Magnifier Lamps & Weighted Base,463.79600000000005
Electrix Halogen Magnifier Lamp,2759.06
"Electrix Incandescent Magnifying Lamp, Black",117.28
"Elite 5"" Scissors",179.14
Embossed Ink Jet Note Cards,284.382
Enermax Acrylux Wireless Keyboard,2450.16
Enermax Aurora Lite Keyboard,1641.1499999999999
Enermax Briskie RF Wireless Keyboard and Mouse Combo,469.402
Epson Perfection V600 Photo Scanner,206.991
Epson TM-T88V Direct Thermal Printer - Monochrome - Desktop,1212.705
"Epson WorkForce WF-2530 All-in-One Printer, Copier Scanner",279.96
Eureka Disposable Bags for Sanitaire Vibra Groomer I Upright Vac,1.624
"Eureka Hand Vacuum, Bagless",197.72
"Eureka Recycled Copy Paper 8 1/2"" x 11"", Ream",110.16
Eureka Sanitaire  Commercial Upright,1524.5320000000002
"Eureka Sanitaire  Multi-Pro Heavy-Duty Upright, Disposable Bags",83.904
Eureka The Boss Cordless Rechargeable Stick Vac,948.228
"Eureka The Boss Lite 10-Amp Upright Vacuum, Blue",1042.08
"Eureka The Boss Plus 12-Amp Hard Box Upright Vacuum, Red",1674.4
Euro Pro Shark Stick Mini Vacuum,170.744
Euro-Pro Shark Turbo Vacuum,693.952
"Executive Impressions 10"" Spectator Wall Clock",258.72
"Executive Impressions 12"" Wall Clock",176.7
"Executive Impressions 13"" Chairman Wall Clock",253.8
"Executive Impressions 13"" Clairmont Wall Clock",315.372
"Executive Impressions 13-1/2"" Indoor/Outdoor Wall Clock",56.099999999999994
"Executive Impressions 14""",377.90999999999997
"Executive Impressions 14"" Contract Wall Clock",346.788
"Executive Impressions 14"" Contract Wall Clock with Quartz Movement",97.812
"Executive Impressions 14"" Two-Color Numerals Wall Clock",308.99199999999996
"Executive Impressions 16-1/2"" Circular Wall Clock",58.784
"Executive Impressions 8-1/2"" Career Panel/Partition Cubicle Clock",66.56
Executive Impressions Supervisor Wall Clock,867.2599999999999
Faber Castell Col-Erase Pencils,37.164
Fashion Color Clasp Envelopes,77.904
Fellowes 8 Outlet Superior Workstation Surge Protector,759.1220000000001
Fellowes 8 Outlet Superior Workstation Surge Protector w/o Phone/Fax/Modem Protection,665.6759999999999
Fellowes Advanced 8 Outlet Surge Suppressor with Phone/Fax Protection,244.288
Fellowes Advanced Computer Series Surge Protectors,386.75399999999996
Fellowes Bankers Box Recycled Super Stor/Drawer,1187.56
Fellowes Bankers Box Staxonsteel Drawer File/Stacking System,2612.196
Fellowes Bankers Box Stor/Drawer Steel Plus,1426.308
Fellowes Bases and Tops For Staxonsteel/High-Stak Systems,858.8820000000001
Fellowes Basic Home/Office Series Surge Protectors,436.12800000000004
Fellowes Binding Cases,271.44
Fellowes Black Plastic Comb Bindings,102.256
Fellowes Command Center 5-outlet power strip,664.832
Fellowes Desktop Hanging File Manager,201.45000000000002
Fellowes Econo/Stor Drawers,581.58
Fellowes High-Stak Drawer Files,3946.656
Fellowes Mighty 8 Compact Surge Protector,344.59000000000003
"Fellowes Mobile File Cart, Black",2300.66
Fellowes Neat Ideas Storage Cubes,480.70399999999995
Fellowes Officeware Wire Shelving,4509.466
Fellowes PB200 Plastic Comb Binding Machine,4181.754
Fellowes PB300 Plastic Comb Binding Machine,8070.192
Fellowes PB500 Electric Punch Plastic Comb Binding Machine with Manual Bind,27453.384000000002
"Fellowes Personal Hanging Folder Files, Navy",284.716
Fellowes Powershred HS-440 4-Sheet High Security Shredder,2541.8360000000002
"Fellowes Premier Superior Surge Suppressor, 10-Outlet, With Phone and Remote",929.48
Fellowes Presentation Covers for Comb Binding Machines,133.86
Fellowes Recycled Storage Drawers,1287.9479999999999
"Fellowes Smart Surge Ten-Outlet Protector, Platinum",180.66
Fellowes Staxonsteel Drawer Files,4829.25
Fellowes Stor/Drawer Steel Plus Storage Drawers,3397.308
"Fellowes Strictly Business Drawer File, Letter/Legal Size",4479.03
Fellowes Super Stor/Drawer,477.3
Fellowes Super Stor/Drawer Files,4006.44
Fellowes Superior 10 Outlet Split Surge Protector,867.768
"Fellowes Twister Kit, Gray/Clear, 3/pkg",182.508
File Shuttle I and Handi-File,262.668
"File Shuttle II and Handi-File, Black",1125.148
First Data FD10 PIN Pad,1722.2
First Data TMFD35 PIN Pad,571.2
"Fiskars 8"" Scissors, 2/Pack",217.224
Fiskars Home & Office Scissors,97.68
Fiskars Softgrip Scissors,307.44
Fiskars Spring-Action Scissors,75.492
Flat Face Poster Frame,678.24
Flexible Leather- Look Classic Collection Ring Binder,142.05
"Floodlight Indoor Halogen Bulbs, 1 Bulb per Pack, 60 Watts",434.56
Fluorescent Highlighters by Dixon,90.744
G.E. Halogen Desk Lamp Bulbs,62.82
G.E. Longer-Life Indoor Recessed Floodlight Bulbs,81.00800000000001
GBC Binding covers,137.26999999999998
"GBC Clear Cover, 8-1/2 x 11, unpunched, 25 covers per pack",136.44
GBC DocuBind 200 Manual Binding Machine,4209.799999999999
GBC DocuBind 300 Electric Binding Machine,6785.142
GBC DocuBind P100 Manual Binding Machine,2954.444
GBC DocuBind P400 Electric Binding System,17965.068
GBC DocuBind P50 Personal Binding Machine,2264.892
GBC DocuBind TL200 Manual Binding Machine,4322.814
GBC DocuBind TL300 Electric Binding System,19823.479
GBC Durable Plastic Covers,369.585
GBC Ibimaster 500 Manual ProClick Binding System,19024.5
GBC Imprintable Covers,241.56
GBC Instant Index System for Binding Systems,71.928
GBC Instant Report Kit,164.985
"GBC Laser Imprintable Binding System Covers, Desert Sand",146.981
GBC Linen Binding Covers,207.566
GBC Personal VeloBind Strips,156.938
GBC Plastic Binding Combs,172.692
GBC Plasticlear Binding Covers,68.88
GBC Poly Designer Binding Covers,256.122
"GBC Pre-Punched Binding Paper, Plastic, White, 8-1/2"" x 11""",310.206
GBC Premium Transparent Covers with Diagonal Lined Pattern,780.456
"GBC Prepunched Paper, 19-Hole, for Binding Systems, 24-lb",433.789
GBC Prestige Therm-A-Bind Covers,1073.903
GBC ProClick 150 Presentation Binding System,3222.996
GBC ProClick Punch Binding System,1573.908
GBC ProClick Spines for 32-Hole Punch,66.40899999999999
GBC Recycled Grain Textured Covers,466.29
GBC Recycled Regency Composition Covers,1291.248
GBC Recycled VeloBinder Covers,487.34400000000005
GBC Standard Plastic Binding Systems Combs,55.755
GBC Standard Plastic Binding Systems' Combs,108.644
"GBC Standard Recycled Report Covers, Clear Plastic Sheets",258.72
GBC Standard Therm-A-Bind Covers,466.004
GBC Therma-A-Bind 250T Electric Binding System,1180.704
GBC Twin Loop Wire Binding Elements,1041.664
"GBC Twin Loop Wire Binding Elements, 9/16"" Spine, Black",269.394
GBC VeloBind Cover Sets,342.768
GBC VeloBinder Electric Binding Machine,496.018
GBC VeloBinder Manual Binding System,842.166
GBC VeloBinder Strips,52.992
"GBC Velobind Prepunched Cover Sets, Regency Series",661.942
"GBC White Gloss Covers, Plain Front",269.328
GBC Wire Binding Combs,184.052
GBC Wire Binding Strips,212.65800000000002
GE 2-Jack Phone Line Splitter,1771.5140000000001
GE 30522EE2,1159.9
GE 30524EE4,5291.7300000000005
"GE 4 Foot Flourescent Tube, 40 Watt",98.868
"GE 48"" Fluorescent Tube, Cool White Energy Saver, 34 Watts, 30/Box",2699.056
GE DSL Phone Line Filter,495.87600000000003
"GE General Purpose, Extra Long Life, Showcase & Floodlight Incandescent Bulbs",45.396
"GE General Use Halogen Bulbs, 100 Watts, 1 Bulb per Pack",163.332
Gear Head AU3700S Headset,189.654
Geemarc AmpliPOWER60,3415.04
"Geographics Note Cards, Blank, White, 8 1/2"" x 11""",76.092
"Global Adaptabilites Bookcase, Cherry/Storm Gray Finish",3447.84
Global Adaptabilities Conference Tables,3540.348
"Global Airflow Leather Mesh Back Chair, Black",3955.676
"Global Armless Task Chair, Royal Blue",1396.442
Global Chrome Stack Chair,815.864
Global Comet Stacking Arm Chair,6084.144
Global Comet Stacking Armless Chair,3528.79
Global Commerce Series High-Back Swivel/Tilt Chairs,7979.4400000000005
Global Commerce Series Low-Back Swivel/Tilt Chairs,4420.056
Global Deluxe High-Back Manager's Chair,8665.194
Global Deluxe High-Back Office Chair in Storm,1087.92
Global Deluxe Office Fabric Chairs,1420.504
"Global Deluxe Stacking Chair, Gray",764.7
Global Deluxe Steno Chair,1770.54
Global Enterprise Series Seating High-Back Swivel/Tilt Chairs,2032.35
Global Enterprise Series Seating Low-Back Swivel/Tilt Chairs,207.184
Global Ergonomic Managers Chair,6008.536
Global Executive Mid-Back Manager's Chair,4626.582
"Global Fabric Manager's Chair, Dark Gray",3150.576
"Global Geo Office Task Chair, Gray",1757.266
"Global High-Back Leather Tilter, Burgundy",5436.158
Global Highback Leather Tilter in Burgundy,2647.809
Global Italian Leather Office Chair,969.252
"Global Leather & Oak Executive Chair, Burgundy",1689.968
Global Leather Executive Chair,5861.532999999999
"Global Leather Highback Executive Chair with Pneumatic Height Adjustment, Black",5989.204
"Global Leather Task Chair, Black",1448.839
"Global Leather and Oak Executive Chair, Black",6410.874
Global Low Back Tilter Chair,1746.9540000000002
"Global Manager's Adjustable Task Chair, Storm",2959.208
"Global Push Button Manager's Chair, Indigo",2185.951
"Global Stack Chair with Arms, Black",803.464
"Global Stack Chair without Arms, Black",901.506
Global Super Steno Chair,2389.902
"Global Task Chair, Black",463.099
Global Troy Executive Leather Low-Back Tilter,12975.382
"Global Value Mid-Back Manager's Chair, Gray",1978.925
"Global Value Steno Chair, Gray",2204.862
"Global Wood Trimmed Manager's Task Chair, Khaki",4166.884
Globe Weis Peel & Seel First Class Envelopes,375.73199999999997
Google Nexus 5,3815.788
"Gould Plastics 18-Pocket Panel Bin, 34w x 5-1/4d x 20-1/2h",2299.75
"Gould Plastics 9-Pocket Panel Bin, 18-3/8w x 5-1/4d x 20-1/2h, Black",953.82
Grandstream GXP1160 VoIP phone,803.692
Grandstream GXP2100 Mainstream Business Phone,596.6220000000001
Great White Multi-Use Recycled Paper (20Lb. and 84 Bright),169.832
Green Bar Computer Printout Paper,857.376
"Green Canvas Binder for 8-1/2"" x 14"" Sheets",569.24
Griffin GC17055 Auxiliary Audio Cable,395.78
Griffin GC36547 PowerJolt SE Lightning Charger,175.422
Grip Seal Envelopes,7.072
GuestStacker Chair with Chrome Finish Legs,9070.944
HON 5400 Series Task Chairs for Big and Tall,21870.576
"HP Designjet T520 Inkjet Large Format Printer - 24"" Color",18374.895
HP Office Paper (20Lb. and 87 Bright),86.84
HP Office Recycled Paper (20Lb. and 87 Bright),106.352
"HP Officejet Pro 8600 e-All-In-One Printer, Copier, Scanner, Fax",449.97
HP Standard 104 key PS/2 Keyboard,275.5
HTC One,1119.888
HTC One Mini,2041.038
Hammermill Color Copier Paper (28Lb. and 96 Bright),29.97
Hammermill CopyPlus Copy Paper (20Lb. and 84 Bright),32.868
Hand-Finished Solid Wood Document Frame,260.14799999999997
Hanging Personal Folder File,251.2
Harbour Creations 67200 Series Stacking Chairs,1501.8980000000001
Harbour Creations Steel Folding Chair,2389.125
Harmony Air Purifier,1946.7
Harmony HEPA Quiet Air Purifiers,128.7
Heavy-Duty E-Z-D Binders,176.74200000000002
Hewlett Packard 310 Color Digital Copier,4199.86
Hewlett Packard 610 Color Digital Copier / Printer,8899.822
Hewlett Packard LaserJet 3310 Copier,18839.686
Hewlett-Packard 300S Scientific Calculator,131.1
Hewlett-Packard Deskjet 3050a All-in-One Color Inkjet Printer,3040.0
Hewlett-Packard Deskjet 5550 Printer,597.132
Hewlett-Packard Deskjet 6540 Color Inkjet Printer,1396.21
Hewlett-Packard Deskjet D4360 Printer,447.968
Hewlett-Packard Deskjet F4180 All-in-One Color Ink-jet - Printer / copier / scanner,101.994
Hewlett-Packard Desktjet 6988DT Refurbished Printer,3404.5
High Speed Automatic Electric Letter Opener,17030.311999999998
High-Back Leather Manager's Chair,4770.633
Holmes 99% HEPA Air Purifier,333.564
"Holmes Cool Mist Humidifier for the Whole House with 8-Gallon Output per Day, Extended Life Filter",147.26
Holmes HEPA Air Purifier,239.58
Holmes Harmony HEPA Air Purifier for 17 x 20 Room,675.12
Holmes Odor Grabber,357.616
"Holmes Replacement Filter for HEPA Air Cleaner, Large Room",151.062
"Holmes Replacement Filter for HEPA Air Cleaner, Medium Room",203.94
"Holmes Replacement Filter for HEPA Air Cleaner, Very Large Room, HEPA Filter",1383.0810000000001
"Holmes Visible Mist Ultrasonic Humidifier with 2.3-Gallon Output per Day, Replacement Filter",47.544000000000004
Home/Office Personal File Carts,980.232
Hon 2090 Pillow Soft Series Mid Back Swivel/Tilt Chairs,5282.424
Hon 2111 Invitation Series Corner Table,3140.55
Hon 2111 Invitation Series Straight Table,2040.054
"Hon 30"" x 60"" Table with Locking Drawer",1296.028
Hon 4-Shelf Metal Bookcases,1474.308
Hon 4060 Series Tables,1231.56
Hon 4070 Series Pagoda Armless Upholstered Stacking Chairs,8430.997
Hon 4070 Series Pagoda Round Back Stacking Chairs,5906.032
Hon 4700 Series Mobuis Mid-Back Task Chairs with Adjustable Arms,7582.374
Hon 5100 Series Wood Tables,5965.09
Hon 61000 Series Interactive Training Tables,653.121
Hon 94000 Series Round Tables,7404.5
Hon Comfortask Task/Swivel Chairs,1686.904
Hon Deluxe Fabric Upholstered Stacking Chairs,2586.1879999999996
"Hon Deluxe Fabric Upholstered Stacking Chairs, Rounded Back",10637.528
"Hon Deluxe Fabric Upholstered Stacking Chairs, Squared Back",1268.696
Hon Every-Day Chair Series Swivel Task Chairs,967.84
Hon Every-Day Series Multi-Task Chairs,6748.482
Hon GuestStacker Chair,6936.102
"Hon Metal Bookcases, Black",1570.0775999999998
"Hon Metal Bookcases, Gray",851.76
"Hon Metal Bookcases, Putty",1320.228
Hon Mobius Operator's Chair,2705.7799999999997
Hon Multipurpose Stacking Arm Chairs,6584.64
Hon Non-Folding Utility Tables,3775.647
Hon Olson Stacker Chairs,5427.99
Hon Olson Stacker Stools,5294.456
Hon Pagoda Stacking Chairs,6483.796
"Hon Practical Foundations 30 x 60 Training Table, Light Gray/Charcoal",4334.8275
Hon Racetrack Conference Tables,3963.901
Hon Rectangular Conference Tables,3481.515
Hon Valutask Swivel Chairs,1242.054
Honeywell Enviracaire Portable Air Cleaner for up to 8 x 10 Room,299.20799999999997
Honeywell Enviracaire Portable HEPA Air Cleaner for 16' x 20' Room,3855.1800000000003
Honeywell Enviracaire Portable HEPA Air Cleaner for 17' x 22' Room,11304.44
Honeywell Enviracaire Portable HEPA Air Cleaner for up to 10 x 16 Room,1320.166
Honeywell Quietcare HEPA Air Cleaner,1761.76
Hoover Commercial Lightweight Upright Vacuum,18.096
Hoover Commercial Lightweight Upright Vacuum with E-Z Empty Dirt Cup,1023.3520000000001
Hoover Commercial Soft Guard Upright Vacuum And Disposable Filtration Bags,91.68599999999999
Hoover Commercial SteamVac,168.392
Hoover Portapower Portable Vacuum,61.824
Hoover Replacement Belt for Commercial Guardsman Heavy-Duty Upright Vacuum,9.768
"Hoover Replacement Belts For Soft Guard & Commercial Ltweight Upright Vacs, 2/Pk",56.09
Hoover Shoulder Vac Commercial Portable Vacuum,5009.48
Hoover Upright Vacuum With Dirt Cup,6832.908
Hoover WindTunnel Plus Canister Vacuum,3051.3
"Hot File 7-Pocket, Floor Stand",8138.232
"Howard Miller 11-1/2"" Diameter Brentwood Wall Clock",681.454
"Howard Miller 11-1/2"" Diameter Grantwood Wall Clock",500.308
"Howard Miller 11-1/2"" Diameter Ridgewood Wall Clock",1184.232
"Howard Miller 12"" Round Wall Clock",479.33799999999997
Howard Miller 12-3/4 Diameter Accuwave DS  Wall Clock,786.9
"Howard Miller 13"" Diameter Goldtone Round Wall Clock",1042.068
"Howard Miller 13"" Diameter Pewter Finish Round Wall Clock",1047.7359999999999
"Howard Miller 13-1/2"" Diameter Rosebrook Wall Clock",949.026
"Howard Miller 13-3/4"" Diameter Brushed Chrome Round Wall Clock",1324.8
"Howard Miller 14-1/2"" Diameter Chrome Round Wall Clock",1636.864
"Howard Miller 16"" Diameter Gallery Wall Clock",575.46
Howard Miller Distant Time Traveler Alarm Clock,531.948
"Hunt BOSTON Model 1606 High-Volume Electric Pencil Sharpener, Beige",1113.024
"Hunt BOSTON Vista Battery-Operated Pencil Sharpener, Black",83.952
Hunt Boston Vacuum Mount KS Pencil Sharpener,671.808
"Hunt PowerHouse Electric Pencil Sharpener, Blue",1617.9479999999999
Hypercom P1300 Pinpad,1108.8
I Need's 3d Hello Kitty Hybrid Silicone Case Cover for HTC One X 4g with 3d Hello Kitty Stylus Pen Green/pink,542.984
I.R.I.S IRISCard Anywhere 5 Card Scanner,350.973
"IBM Multi-Purpose Copy Paper, 8 1/2 x 11"", Case",458.504
Ibico Covers for Plastic or Wire Binding Elements,184.0
Ibico EB-19 Dual Function Manual Binding System,3234.913
Ibico EPK-21 Electric Binding System,15875.916000000001
Ibico Hi-Tech Manual Binding System,5398.323
Ibico Ibimaster 300 Manual Binding System,7985.383
Ibico Laser Imprintable Binding System Covers,1100.4
Ibico Plastic Spiral Binding Combs,1100.48
Ibico Plastic and Wire Spiral Binding Combs,208.221
Ibico Presentation Index for Binding Systems,72.038
Ibico Recycled Grain-Textured Covers,141.614
Ibico Recycled Linen-Style Covers,749.952
Ibico Standard Transparent Covers,390.576
Iceberg Mobile Mega Data/Printer Cart ,5751.774
"Iceberg Nesting Folding Chair, 19w x 6d x 43h",1589.406
"Iceberg OfficeWorks 42"" Round Tables",3457.442
Ideal Clamps,58.69199999999999
Imation Bio 2GB USB Flash Drive Imation Corp,2098.88
Imation Bio 8GB USB Flash Drive Imation Corp,2659.84
Imation 16GB Mini TravelDrive USB 2.0 Flash Drive,1007.152
Imation 30456 USB Flash Drive 8GB,154.56
Imation 32GB Pocket Pro USB 3.0 Flash Drive - 32 GB - Black - 1 P ...,467.21999999999997
Imation 8GB Mini TravelDrive USB 2.0 Flash Drive,350.20399999999995
Imation 8gb Micro Traveldrive Usb 2.0 Flash Drive,357.0
Imation Clip USB flash drive - 8 GB,443.68
Imation Secure+ Hardware Encrypted USB 2.0 Flash Drive; 16GB,1926.9360000000001
Imation Secure Drive + Hardware Encrypted USB flash drive - 16 GB,888.966
Imation Swivel Flash Drive USB flash drive - 8 GB,54.57599999999999
Imation USB 2.0 Swivel Flash Drive USB flash drive - 4 GB - Pink,42.42
"Important Message Pads, 50 4-1/4 x 5-1/2 Forms per Pad",54.599999999999994
"Ink Jet Note and Greeting Cards, 8-1/2"" x 5-1/2"" Card Size",121.392
Innergie mMini Combo Duo USB Travel Charging Kit,746.834
Insertable Tab Indexes For Data Binders,17.49
Insertable Tab Post Binder Dividers,66.566
"Inter-Office Recycled Envelopes, Brown Kraft, Button-String,10"" x 13"" , 100/Box",197.82
"Iris 3-Drawer Stacking Bin, Black",284.104
Iris Project Case,225.036
"It's Hot Message Books with Stickers, 2 3/4"" x 5""",161.32
JBL Micro Wireless Portable Bluetooth Speaker,779.87
JM Magazine Binder,204.72400000000002
Jabra BIZ 2300 Duo QD Duo Corded Headset,1727.0639999999999
Jabra SPEAK 410,3158.064
Jabra SPEAK 410 Multidevice Speakerphone,2018.702
Jabra Supreme Plus Driver Edition Headset,2159.82
Jackery Bar Premium Fast-charging Portable Charger,467.22
Jawbone JAMBOX Wireless Bluetooth Speaker,2022.272
Jawbone MINI JAMBOX Wireless Bluetooth Speaker,2027.304
Jensen SMPS-640 - speaker phone,496.584
Jet-Pak Recycled Peel 'N' Seal Padded Mailers,552.706
Jiffy Padded Mailers with Self-Seal Closure,29.808
KI Adjustable-Height Table,4552.641
KI Conference Tables,2140.878
KLD Oscar II Style Snap-on Ultra Thin Side Flip Synthetic Leather Cover Case for HTC One HTC M7,126.36000000000001
Kensington 4 Outlet MasterPiece Compact Power Control Center,2488.392
Kensington 6 Outlet Guardian Standard Surge Protector,409.6
Kensington 6 Outlet MasterPiece HOMEOFFICE Power Control Center,812.1600000000001
Kensington 6 Outlet SmartSocket Surge Protector,147.528
Kensington 7 Outlet MasterPiece HOMEOFFICE Power Control Center,2491.28
Kensington 7 Outlet MasterPiece Power Center,2883.276
Kensington 7 Outlet MasterPiece Power Center with Fax/Phone Line Protection,1473.108
Kensington Expert Mouse Optical USB Trackball for PC or Mac,1690.8220000000001
Kensington K72356US Mouse-in-a-Box USB Desktop Mouse,321.846
Kensington Orbit Wireless Mobile Trackball for PC and Mac,1703.7160000000001
Kensington SlimBlade Notebook Wireless Mouse with Nano Receiver ,549.89
KeyTronic 6101 Series - Keyboard - Black,360.712
KeyTronic E03601U1 - Keyboard - Beige,324.0
KeyTronic KT400U2 - Keyboard - Black,148.03199999999998
KeyTronic KT800P2 - Keyboard - Black,75.1
Kingston Digital DataTraveler 16GB USB 2.0,477.93
Kingston Digital DataTraveler 32GB USB 2.0,355.95
Kingston Digital DataTraveler 64GB USB 2.0,202.68
Kingston Digital DataTraveler 8GB USB 2.0,44.03
Kleencut Forged Office Shears by Acme United Corporation,9.568
Konftel 250 Conference phone - Charcoal black,2221.596
Konica Minolta magicolor 1690MF Multifunction Printer,319.92
"LF Elite 3D Dazzle Designer Hard Case Cover, Lf Stylus Pen and Wiper For Apple Iphone 5c Mini Lite",261.6
LG Electronics Tone+ HBS-730 Bluetooth Headset,904.5519999999999
LG Exalt,1154.326
LG G2,1499.97
LG G3,1803.108
Laminate Occasional Tables,2096.168
Large Capacity Hanging Post Binders,276.945
Laser & Ink Jet Business Envelopes,198.462
"Leather Task Chair, Black",1437.484
Lenovo 17-Key USB Numeric Keypad,367.092
"Lesro Round Back Collection Coffee Table, End Table",2847.7799999999997
"Lesro Sheffield Collection Coffee Table, End Table, Center Table, Corner Table",2298.114
Letter Size Cart,4600.092
Letter Size File,341.41999999999996
Letter Slitter,10.08
Letter or Legal Size Expandable Poly String Tie Envelopes,36.708
"Letter/Legal File Tote with Clear Snap-On Lid, Black Granite",218.416
Lexmark 20R1285 X6650 Wireless All-in-One Printer,600.0
Lexmark MX611dhe Monochrome Laser Printer,16829.901
Lexmark MarkNet N8150 Wireless Print Server,723.51
Lexmark S315 Color Inkjet Printer,299.97
Lexmark X 9575 Professional All-in-One Color Printer,396.0
"Lifetime Advantage Folding Chairs, 4/Carton",5212.112
"Linden 10"" Round Wall Clock, Black",253.648
"Linden 12"" Wall Clock With Oak Frame",101.94
Lock-Up Easel 'Spel-Binder',704.691
Logitech 910-002974 M325 Wireless Mouse for Web Scrolling,1409.53
"Logitech B530 USB Headset - headset - Full size, Binaural",739.8
Logitech ClearChat Comfort/USB Headset H390,533.078
Logitech Desktop MK120 Mouse and keyboard Combo,778.736
Logitech G105 Gaming Keyboard,759.936
Logitech G13 Programmable Gameboard with LCD Display,1039.87
Logitech G19 Programmable Gaming Keyboard,4389.246
Logitech G35 7.1-Channel Surround Sound Headset,2157.8340000000003
Logitech G430 Surround Sound Gaming Headset with Dolby 7.1 Technology,1247.844
Logitech G500s Laser Gaming Mouse with Adjustable Weight Tuning,1399.8
Logitech G600 MMO Gaming Mouse,1615.798
Logitech G602 Wireless Gaming Mouse,1999.75
Logitech G700s Rechargeable Gaming Mouse,2339.766
Logitech Illuminated Ultrathin Keyboard with Backlighting,170.97
Logitech K350 2.4Ghz Wireless Keyboard,1154.664
Logitech Keyboard K120,174.24
Logitech M510 Wireless Mouse,239.94
Logitech Media Keyboard K200,503.856
Logitech Mobile Speakerphone P710e - speaker phone,1916.716
Logitech Trackman Marble Mouse,773.742
Logitech Wireless Anywhere Mouse MX for PC and Mac,551.908
Logitech Wireless Gaming Headset G930,2879.82
Logitech Wireless Headset H600 Over-The-Head Design,386.90999999999997
Logitech Wireless Headset h800,2799.72
Logitech Wireless Marathon Mouse M705,1409.718
Logitech Wireless Performance Mouse MX for PC and Mac,1799.82
Logitech Wireless Touch Keyboard K400,364.854
Logitech diNovo Edge Keyboard,7399.704
Logitech Gaming G510s - Keyboard,2362.7219999999998
Logitech Illuminated - Keyboard,1139.81
Logitech LS21 Speaker System - PC Multimedia - 2.1-CH - Wired,207.896
Logitech MX Performance Wireless Mouse,789.822
Logitech P710e Mobile Speakerphone,10196.604
Logitech VX Revolution Cordless Laser Mouse for Notebooks (Black),3743.7920000000004
"Logitech Wireless Boombox Speaker - portable - wireless, wired",383.04
Logitech Z-906 Speaker sys - home theater - 5.1-CH,5609.83
Longer-Life Soft White Bulbs,115.192
Loose Memo Sheets,18.25
Lumber Crayons,171.39
Lunatik TT5L-002 Taktik Strike Impact Protection System for iPhone 5,281.658
Luxo Adjustable Task Clamp Lamp,1545.816
Luxo Economy Swing Arm Lamp,338.98
Luxo Professional Combination Clamp-On Lamps,1329.9
Luxo Professional Fluorescent Magnifier Lamp with Clamp-Mount Base,3861.056
Luxo Professional Magnifying Clamp-On Fluorescent Lamps,1268.922
Macally Suction Cup Mount,279.63
Magna Visual Magnetic Picture Hangers,84.83200000000001
Magnifier Swing Arm Lamp,251.76000000000002
Manco Dry-Lighter Erasable Highlighter,88.16
"Manila Recycled Extra-Heavyweight Clasp Envelopes, 6"" x 9""",125.172
Martin Yale Chadless Opener Electric Letter Opener,16656.2
Martin-Yale Premier Letter Opener,236.99200000000002
"Master Big Foot Doorstop, Beige",152.064
"Master Caster Door Stop, Brown",176.784
"Master Caster Door Stop, Gray",47.752
"Master Caster Door Stop, Large Brown",59.696
"Master Caster Door Stop, Large Neon Orange",154.336
"Master Giant Foot Doorstop, Safety Yellow",83.49
Maxell 4.7GB DVD+R 5/Pack,11.682
Maxell 4.7GB DVD+RW 3/Pack,264.438
Maxell 4.7GB DVD-R,1231.692
Maxell 4.7GB DVD-R 5/Pack,19.008
Maxell 4.7GB DVD-RW 3/Pack,146.55599999999998
"Maxell 74 Minute CD-R Spindle, 50/Pack",503.28
"Maxell 74 Minute CDR, 10/Pack",232.764
Maxell CD-R Discs,15.76
Maxell DVD-RAM Discs,296.64
"Maxell Pro 80 Minute CD-R, 10/Pack",374.072
Maxell LTO Ultrium - 800 GB,1086.012
Maxell iVDR EX 500GB Cartridge,2755.4
"Mead 1st Gear 2"" Zipper Binder, Asst. Colors",54.474000000000004
Mediabridge Sport Armband iPhone 5s,257.742
"Memo Book, 100 Message Capacity, 5 3/8 x 11",76.836
"Memorex 25GB 6X Branded Blu-Ray Recordable Disc, 15/Pack",373.78
"Memorex 25GB 6X Branded Blu-Ray Recordable Disc, 30/Pack",472.86
Memorex Froggy Flash Drive 4 GB,136.276
Memorex Froggy Flash Drive 8 GB,536.05
Memorex Micro Travel Drive 16 GB,556.452
Memorex Micro Travel Drive 32 GB,379.70399999999995
Memorex Micro Travel Drive 4 GB,103.88
Memorex Micro Travel Drive 8 GB,299.0
Memorex Mini Travel Drive 16 GB USB 2.0 Flash Drive,718.65
Memorex Mini Travel Drive 32 GB USB 2.0 Flash Drive,280.0
Memorex Mini Travel Drive 4 GB USB 2.0 Flash Drive,13.616
Memorex Mini Travel Drive 64 GB USB 2.0 Flash Drive,543.6
Memorex Mini Travel Drive 8 GB USB 2.0 Flash Drive,194.54399999999998
"Message Book, Phone, Wirebound Standard Line Memo, 2 3/4"" X 5""",119.21
"Message Book, Standard Line ""While You Were Out"", 5 1/2"" X 4"", 200 Sets/Book",51.36
"Message Book, Wirebound, Four 5 1/2"" X 4"" Forms/Pg., 200 Dupl. Sets/Book",152.144
"Metal Folding Chairs, Beige, 4/Carton",685.588
Micro Innovations USB RF Wireless Keyboard with Mouse,440.0
Micro Innovations Wireless Classic Keyboard with Mouse,107.964
Micropad Numeric Keypads,291.85400000000004
Microsoft Arc Touch Mouse,359.70000000000005
Microsoft Natural Ergonomic Keyboard 4000,557.814
Microsoft Natural Keyboard Elite,1497.0
Microsoft Sculpt Comfort Mouse,1574.03
Microsoft Wireless Mobile Mouse 4000,591.852
"Mini 13-1/2 Capacity Data Binder Rack, Pearl",1465.7440000000001
Mitel 5320 IP Phone VoIP phone,2116.688
Mitel MiVoice 5330e IP Phone,7699.72
Mobile Personal File Cube,449.664
Model L Table or Wall-Mount Pencil Sharpener,402.976
Mophie Juice Pack Helium for iPhone,1583.8020000000001
Motorla HX550 Universal Bluetooth Headset,419.23
Motorola Droid Maxx,2609.826
Motorola HK250 Universal Bluetooth Headset,832.238
Motorola L703CM,4211.73
Motorola L804,607.068
Motorola Moto X,1631.952
"Multi-Use Personal File Cart and Caster Set, Three Stacking Bins",368.45599999999996
Multicolor Computer Printout Paper,1887.3
Multimedia Mailers,325.86
NETGEAR AC1750 Dual Band Gigabit Smart WiFi Router,2623.8360000000002
NETGEAR N750 Dual Band Wi-Fi Gigabit Router,1890.0
NETGEAR RangeMax WNR1000 Wireless Router,59.976
"Neat Ideas Personal Hanging Folder Files, Black",276.658
NeatDesk Desktop Scanner & Digital Filing System,479.988
Newell 3-Hole Punched Plastic Slotted Magazine Holders for Binders,51.184000000000005
Newell 307,19.292
Newell 308,8.4
Newell 309,196.35000000000002
Newell 31,94.99000000000001
Newell 310,38.72
Newell 311,61.438
Newell 312,234.768
Newell 313,28.208
Newell 314,118.296
Newell 315,145.912
Newell 316,46.944
Newell 317,79.96799999999999
Newell 318,61.716
Newell 319,511.872
Newell 32,47.232
Newell 320,81.32
Newell 321,65.6
Newell 322,30.576
Newell 323,21.168
Newell 324,263.34000000000003
Newell 325,128.03
Newell 326,36.608
Newell 327,39.78
Newell 328,75.92
Newell 329,24.272
Newell 33,47.988
Newell 330,59.800000000000004
Newell 331,75.306
Newell 332,67.032
Newell 333,86.73599999999999
Newell 334,531.712
Newell 335,34.56
Newell 336,68.48
Newell 337,10.496
Newell 338,23.52
Newell 339,26.688000000000002
Newell 34,460.288
Newell 340,25.92
Newell 341,96.72800000000001
Newell 342,9.84
Newell 343,65.268
Newell 344,45.592
Newell 345,476.16
Newell 346,31.104
Newell 347,127.54400000000001
Newell 348,65.6
Newell 349,42.64
Newell 35,93.152
Newell 350,62.32
Newell 351,82.656
Newell Chalk Holder,83.426
Nokia Lumia 1020,1439.968
Nokia Lumia 521 (T-Mobile),515.828
Nokia Lumia 925,1310.296
Nontoxic Chalk,42.944
Nortel Business Series Terminal T7208 Digital phone,1000.728
Nortel Meridian M3904 Professional Digital phone,4434.912
Nortel Meridian M5316 Digital phone,2744.87
Nortel Networks T7316 E Nt8 B27,1876.524
Novimex Fabric Task Chair,1890.3799999999999
Novimex High-Tech Fabric Mesh Task Chair,922.74
Novimex Swivel Fabric Task Chair,2913.9139999999998
Novimex Turbo Task Chair,1341.5220000000002
Nu-Dell EZ-Mount Plastic Wall Frames,19.7
Nu-Dell Executive Frame,409.536
Nu-Dell Float Frame 11 x 14 1/2,170.62
Nu-Dell Leatherette Frames,246.64800000000002
Nu-Dell Oak Frame,151.656
O'Sullivan 2-Door Barrister Bookcase in Odessa Pine,4886.46
O'Sullivan 2-Shelf Heavy-Duty Bookcases,723.842
O'Sullivan 3-Shelf Heavy-Duty Bookcases,1119.195
O'Sullivan 4-Shelf Bookcase in Odessa Pine,2740.197
O'Sullivan 5-Shelf Heavy-Duty Bookcases,540.804
O'Sullivan Cherrywood Estates Traditional Barrister Bookcase,1072.344
O'Sullivan Cherrywood Estates Traditional Bookcase,424.90000000000003
"O'Sullivan Elevations Bookcase, Cherry Finish",1912.308
O'Sullivan Living Dimensions 2-Shelf Bookcases,2970.059
O'Sullivan Living Dimensions 3-Shelf Bookcases,2904.161
O'Sullivan Living Dimensions 5-Shelf Bookcases,3420.7704
O'Sullivan Manor Hill 2-Door Library in Brianna Oak,1646.9180000000001
O'Sullivan Plantations 2-Door Library in Landvery Oak,2946.3668
"OIC #2 Pencils, Medium Soft",30.832
OIC Binder Clips,128.164
"OIC Binder Clips, Mini, 1/4"" Capacity, Black",15.623999999999999
OIC Bulk Pack Metal Binder Clips,92.136
"OIC Colored Binder Clips, Assorted Sizes",139.62
OIC Stacking Trays,82.832
OIC Thumb-Tacks,12.996
"Office Impressions End Table, 20-1/2""H x 24""W x 20""D",5801.816
Office Impressions Heavy Duty Welded Shelving & Multimedia Storage Drawers,3178.13
Office Star - Contemporary Swivel Chair with Padded Adjustable Arms and Flex Back,3989.734
Office Star - Contemporary Task Swivel Chair,1842.268
"Office Star - Contemporary Task Swivel chair with 2-way adjustable arms, Plum",694.194
"Office Star - Contemporary Task Swivel chair with Loop Arms, Charcoal",3680.538
Office Star - Ergonomic Mid Back Chair with 2-Way Adjustable Arms,2207.956
Office Star - Ergonomically Designed Knee Chair,1311.876
Office Star - Mesh Screen back chair with Vinyl seat,2200.464
Office Star - Mid Back Dual function Ergonomic High Back Chair with 2-Way Adjustable Arms,4185.48
Office Star - Professional Matrix Back Chair with 2-to-1 Synchro Tilt and Mesh Fabric Seat,8774.5
Office Star - Task Chair with Contemporary Loop Arms,600.4680000000001
Office Star Flex Back Scooter Chair with Aluminum Finish Frame,1947.1770000000001
Office Star Flex Back Scooter Chair with White Frame,1775.68
Okidata B400 Printer,1029.6
Okidata B401 Printer,179.991
Okidata C331dn Printer,3210.8
Okidata C610n Printer,2011.9
Okidata MB491 Multifunction Printer,2844.2999999999997
Okidata MB760 Printer,7834.4
Ooma Telo VoIP Home Phone System,2015.8400000000001
OtterBox Commuter Series Case - Samsung Galaxy S4,384.846
OtterBox Commuter Series Case - iPhone 5 & 5s,285.87
OtterBox Defender Series Case - Samsung Galaxy S4,689.77
OtterBox Defender Series Case - iPhone 5c,133.128
PNY Rapid USB Car Charger - Black,9.588
"Padded Folding Chairs, Black, 4/Carton",1830.148
Panasonic Business Telephones KX-T7736,546.06
Panasonic KP-150 Electric Pencil Sharpener,573.648
Panasonic KP-310 Heavy-Duty Electric Pencil Sharpener,197.82
Panasonic KP-350BK Electric Pencil Sharpener with Auto Stop,124.488
Panasonic KP-380BK Classic Electric Pencil Sharpener,705.208
Panasonic KP-4ABK Battery-Operated Pencil Sharpener,234.24
Panasonic KX - TS880B Telephone,453.41999999999996
Panasonic KX MB2061 Multifunction Printer,2396.4
Panasonic KX MC6040 Color Laser Multifunction Printer,1619.82
Panasonic KX T7731-B Digital phone,659.934
Panasonic KX T7736-B Digital phone,1259.58
Panasonic KX TS208W Corded phone,1283.538
Panasonic KX TS3282B Corded phone,590.328
Panasonic KX TS3282W Corded phone,1665.804
Panasonic KX-TG6844B Expandable Digital Cordless Telephone,1135.028
Panasonic KX-TG9471B,4978.146000000001
Panasonic KX-TG9541B DECT 6.0 Digital 2-Line Expandable Cordless Phone With Digital Answering System,3059.7960000000003
Panasonic Kx-TS550,846.216
Park Ridge Embossed Executive Business Envelopes,62.28
Pastel Pink Envelopes,65.52
PayAnywhere Card Reader,199.8
Peel & Seel Envelopes,62.856
"Peel & Seel Recycled Catalog Envelopes, Brown",264.024
Peel & Stick Add-On Corner Pockets,38.016
Peel-Off China Markers,287.97
Pencil and Crayon Sharpener,29.346
Penpower WorldCard Pro Card Scanner,91.475
"Performers Binder/Pad Holder, Black",611.054
"Perixx PERIBOARD-512B, Ergonomic Split Keyboard",419.88
"Perma STOR-ALL Hanging File Box, 13 1/8""W x 12 1/4""D x 10 1/2""H",180.596
Permanent Self-Adhesive File Folder Labels for Typewriters by Universal,44.37
"Permanent Self-Adhesive File Folder Labels for Typewriters, 1 1/8 x 3 1/2, White",153.72
Personal Creations Ink Jet Cards and Labels,321.44
Personal File Boxes with Fold-Down Carry Handle,177.612
"Personal Filing Tote with Lid, Black/Gray",459.096
"Personal Folder Holder, Ebony",145.73000000000002
Petty Cash Envelope,231.856
Pizazz Global Quick File,353.29200000000003
Plantronics 81402,844.672
Plantronics Audio 478 Stereo USB Headset,1619.676
Plantronics Audio 995 Wireless Stereo Headset,1913.13
"Plantronics CS 50-USB - headset - Convertible, Monaural",1468.692
Plantronics CS510 - Over-the-Head monaural Wireless Headset System,10822.36
Plantronics Calisto P620-M USB Wireless Speakerphone System,2508.672
Plantronics Cordless Phone Headset with In-line Volume - M214C,908.7
Plantronics Encore H101 Dual Earpieces Headset,746.17
Plantronics HL10 Handset Lifter,2227.008
Plantronics MX500i Earset,618.48
Plantronics S12 Corded Telephone Headset System,2242.032
Plantronics Savi W720 Multi-Device Wireless Headset System,9367.289999999999
Plantronics Single Ear Headset,29.925
Plantronics Voyager Pro HD - Bluetooth Headset,1221.812
Plantronics Voyager Pro Legend,1359.534
Plastic Binding Combs,269.67
Plastic Stacking Crates & Casters,35.712
Plymouth Boxed Rubber Bands by Plymouth,77.244
Poly Designer Cover & Back,451.962
Poly String Tie Envelopes,68.136
Polycom CX300 Desktop Phone USB VoIP phone,1679.8880000000001
Polycom CX600 IP Phone VoIP phone,4619.2300000000005
Polycom SoundPoint IP 450 VoIP phone,3839.62
Polycom SoundPoint Pro SE-225 Corded phone,1903.8400000000001
Polycom SoundStation2 EX Conference phone,3968.5099999999998
Polycom VVX 310 VoIP phone,6227.654
Polycom VoiceStation 500 Conference phone,3657.38
Portable Personal File Box,224.66400000000002
Portfile Personal File Boxes,99.11999999999999
"Post-it Important Message Note Pad, Neon Colors, 50 Sheets/Pad",62.608000000000004
PowerGen Dual USB Car Charger,127.87200000000001
Prang Colored Pencils,90.55199999999999
Prang Drawing Pencil Set,100.08
Prang Dustless Chalk Sticks,38.976
Premier Automatic Letter Opener,2836.366
Premier Electric Letter Opener,2641.6079999999997
"Premier Elliptical Ring Binder, Black",526.612
Premium Transparent Presentation Covers by GBC,753.182
"Premium Transparent Presentation Covers, No Pattern/Clear, 8 1/2"" x 11""",698.04
"Premium Writing Pencils, Soft, #2 by Central Association for the Blind",81.652
"Pressboard Covers with Storage Hooks, 9 1/2"" x 11"", Light Blue",102.619
"Pressboard Data Binder, Crimson, 12"" X 8 1/2""",33.108000000000004
Pressboard Data Binders by Wilson Jones,99.324
Pressboard Hanging Data Binders for Unburst Sheets,112.66799999999999
Presstex Flexible Ring Binders,92.82
Prestige Round Ring Binders,85.728
Prismacolor Color Pencil Set,436.48
Project Tote Personal File,193.61399999999998
PureGear Roll-On Screen Protector,571.7139999999999
Pyle PMP37LED,3590.026
Pyle PRT45 Retro Home Telephone,201.568
QVS USB Car Charger 2-Port 2.1Amp for iPod/iPhone/iPad/iPad 2/iPad 3,79.22999999999999
Quality Park Security Envelopes,240.764
"Quartet Alpha White Chalk, 12/Pack",15.469999999999999
"Quartet Omega Colored Chalk, 12/Pack",80.592
RCA H5401RE1 DECT 6.0 4-Line Cordless Handset With Caller ID/Call Waiting,239.97
RCA ViSYS 25423RE1 Corded phone,159.984
RCA ViSYS 25425RE1 Corded phone,323.976
RCA ViSYS 25825 Wireless digital phone,727.944
RCA Visys Integrated PBX 8-Line Router,1085.238
"REDIFORM Incoming/Outgoing Call Register, 11"" X 8 1/2"", 100 Messages",281.892
"RSVP Cards & Envelopes, Blank White, 8-1/2"" X 11"", 24 Cards/25 Envelopes/Set",89.408
Razer Kraken 7.1 Surround Sound Over Ear USB Gaming Headset,2619.738
Razer Kraken PRO Over Ear PC and Music Headset,2159.73
Razer Tiamat Over Ear 7.1 Surround Sound PC Gaming Headset,5119.744000000001
"Recycled Data-Pak for Archival Bound Computer Printouts, 12-1/2 x 12-1/2 x 16",1857.252
"Recycled Desk Saver Line ""While You Were Out"" Book, 5 1/2"" X 4""",268.5
Recycled Easel Ring Binders,308.844
Recycled Eldon Regeneration Jumbo File,235.77599999999998
"Recycled Interoffice Envelopes with Re-Use-A-Seal Closure, 10 x 13",68.28
"Recycled Interoffice Envelopes with String and Button Closure, 10 x 13",259.092
Recycled Premium Regency Composition Covers,110.01599999999999
Recycled Pressboard Report Cover with Reinforced Top Hinge,69.768
Recycled Steel Personal File for Hanging File Folders,1053.032
Recycled Steel Personal File for Standard File Folders,1072.626
"Redi-Strip #10 Envelopes, 4 1/8 x 9 1/2",93.22
"Rediform S.O.S. 1-Up Phone Message Bk, 4-1/4x3-1/16 Bk, 1 Form/Pg, 40 Messages/Bk, 3/Pk",196.98000000000002
Rediform S.O.S. Phone Message Books,19.92
Rediform Voice Mail Log Books,29.204
"Rediform Wirebound ""Phone Memo"" Message Book, 11 x 5-3/4",110.01599999999999
Regeneration Desk Collection,35.904
Revere Boxed Rubber Bands by Revere,48.006
Ricoh - Ink Collector Unit for GX3000 Series Printers,465.64500000000004
Riverleaf Stik-Withit Designer Note Cubes,136.816
"Riverside Furniture Oval Coffee Table, Oval End Table, End Table with Drawer",4446.175
Riverside Furniture Stanwyck Manor Table Series,917.9200000000001
"Riverside Palais Royal Lawyers Bookcase, Royale Cherry Finish",15610.9656
Rogers Deluxe File Chest,443.99600000000004
Rogers Handheld Barrel Pencil Sharpener,75.62400000000001
"Rogers Jumbo File, Granite",317.77200000000005
Rogers Profile Extra Capacity Storage Tub,518.9399999999999
Rosewill 107 Normal Keys USB Wired Standard Keyboard,105.14399999999999
Round Ring Binders,29.952
Round Specialty Laser Printer Labels,421.008
Rubber Band Ball,58.344
"Rubbermaid ClusterMat Chairmats, Mat Size- 66"" x 60"", Lip 20"" x 11"" -90 Degree Angle",2064.228
"Rush Hierlooms Collection 1"" Thick Stackable Bookcases",2487.759
Rush Hierlooms Collection Rich Wood Bookcases,489.37919999999997
SAFCO Arco Folding Chair,11572.78
SAFCO Boltless Steel Shelving,4704.696
"SAFCO Commercial Wire Shelving, 72h",1445.2640000000001
"SAFCO Commercial Wire Shelving, Black",4199.456
SAFCO Folding Chair Trolley,705.32
"SAFCO Mobile Desk Side File, Wire Frame",1240.04
SAFCO Optional Arm Kit for Workspace Cribbage Stacking Chair,245.088
"SAFCO PlanMaster Boards, 60w x 37-1/2d, White Melamine",2979.004
"SAFCO PlanMaster Heigh-Adjustable Drafting Table Base, 43w x 30d x 30-37h, Black",3739.115
SANFORD Liquid Accent Tank-Style Highlighters,14.2
SANFORD Major Accent Highlighters,209.56799999999998
"SKILCRAFT Telephone Shoulder Rest, 2"" x 6.5"" x 2.5"", Black",56.164
Sabrent 4-Port USB 2.0 Hub,96.418
"Safco Chair Connectors, 6/Carton",881.192
Safco Commercial Shelving,483.704
Safco Contoured Stacking Chairs,5697.76
Safco Drafting Table,638.8199999999999
Safco Industrial Shelving,827.12
Safco Industrial Wire Shelving,1363.058
Safco Industrial Wire Shelving System,2511.0480000000002
Safco Steel Mobile File Cart,683.552
"Safco Value Mate Series Steel Bookcases, Baked Enamel Finish on Steel, Gray",858.858
"Safco Value Mate Steel Bookcase, Baked Enamel Finish on Steel, Black",802.074
"Safco Wire Cube Shelving System, For Use as 4 or 5 14"" Cubes, Black",406.784
Samsung Convoy 3,688.138
Samsung Galaxy Mega 6.3,13943.668
Samsung Galaxy Note 2,4507.902
Samsung Galaxy Note 3,2155.902
Samsung Galaxy S III - 16GB - pebble blue (T-Mobile),7139.796
Samsung Galaxy S4,6134.701999999999
Samsung Galaxy S4 Active,3999.92
Samsung Galaxy S4 Mini,6109.87
Samsung HM1900 Bluetooth Headset,491.68
Samsung Replacement EH64AVFWE Premium Headset,104.5
Samsung Rugby III,1385.79
SanDisk Cruzer 16 GB USB Flash Drive,107.912
SanDisk Cruzer 32 GB USB Flash Drive,361.38
SanDisk Cruzer 4 GB USB Flash Drive,25.96
SanDisk Cruzer 64 GB USB Flash Drive,1184.032
SanDisk Cruzer 8 GB USB Flash Drive,27.168
SanDisk Ultra 16 GB MicroSDHC Class 10 Memory Card,329.946
SanDisk Ultra 32 GB MicroSDHC Class 10 Memory Card,884.0
SanDisk Ultra 64 GB MicroSDHC Class 10 Memory Card,927.768
Sanford 52201 APSCO Electric Pencil Sharpener,565.3860000000001
"Sanford Colorific Colored Pencils, 12/Box",73.152
"Sanford Colorific Eraseable Coloring Pencils, 12 Count",45.919999999999995
"Sanford Colorific Scented Colored Pencils, 12/Pack",47.080000000000005
"Sanford EarthWrite Recycled Pencils, Medium Soft, #2",29.4
Sanford Liquid Accent Highlighters,149.632
Sanford Pocket Accent Highlighters,22.4
"Sanford Prismacolor Professional Thick Lead Art Pencils, 36-Color Set",209.664
"Sanford Uni-Blazer View Highlighters, Chisel Tip, Yellow",30.799999999999997
"Sanitaire Vibra Groomer IR Commercial Upright Vacuum, Replacement Belts",13.0
Sannysis Cute Owl Design Soft Skin Case Cover for Samsung Galaxy S4,13.86
Sanyo 2.5 Cubic Foot Mid-Size Office Refrigerators,4476.96
"Sanyo Counter Height Refrigerator with Crisper, 3.6 Cubic Foot, Stainless Steel/Black",5906.52
Satellite Sectional Post Binders,1219.821
Sauder Barrister Bookcases,754.7336
"Sauder Camden County Barrister Bookcase, Planked Cherry Finish",1064.624
"Sauder Camden County Collection Libraries, Planked Cherry Finish",1909.8178
Sauder Camden County Collection Library,1368.2620000000002
Sauder Cornerstone Collection Library,322.192
"Sauder Facets Collection Library, Sky Alder Finish",1427.683
"Sauder Facets Collection Locker/File Cabinet, Sky Alder Finish",1706.508
"Sauder Forest Hills Library with Doors, Woodland Oak Finish",1014.174
"Sauder Forest Hills Library, Woodland Oak Finish",1875.034
Sauder Inglewood Library Bookcases,2154.348
"Sauder Mission Library with Doors, Fruitwood Finish",935.1972
Security-Tint Envelopes,163.496
Seidio BD2-HK3IPH5-BK DILEX Case and Holster Combo for Apple iPhone 5/5s - Black,272.88800000000003
Self-Adhesive Address Labels for Typewriters by Universal,153.51
Self-Adhesive Address Labels for Typewriters with Dispenser Box,26.568
Self-Adhesive Removable Labels,110.25
Self-Adhesive Ring Binder Labels,22.88
Sensible Storage WireTech Storage Systems,2484.2999999999997
Serrated Blade or Curved Handle Hand Letter Openers,23.864
"Seth Thomas 12"" Clock w/ Goldtone Case",390.66
"Seth Thomas 13 1/2"" Wall Clock",316.48400000000004
"Seth Thomas 14"" Day/Date Wall Clock",467.072
"Seth Thomas 14"" Putty-Colored Wall Clock",357.948
"Seth Thomas 16"" Steel Case Clock",441.72799999999995
"Seth Thomas 8 1/2"" Cubicle Clock",210.912
Sharp 1540cs Digital Laser Copier,4399.92
Sharp AL-1530CS Digital Copier,6399.872
Shocksock Galaxy S4 Armband,63.510000000000005
ShoreTel ShorePhone IP 230 VoIP phone,2906.628
"SimpliFile Personal File, Black Granite, 15w x 6-15/16d x 11-1/4h",347.31
"Situations Contoured Folding Chairs, 4/Set",3641.274
"SlimView Poly Binder, 3/8""",117.58599999999998
"SmartStand Mobile Device Holder, Assorted Colors",75.49199999999999
Smead Adjustable Mobile File Trolley with Lockable Top,4778.766
Smead Alpha-Z Color-Coded Name Labels First Letter Starter Set,71.25
Smead Alpha-Z Color-Coded Second Alphabetical Labels and Starter Set,48.048
"Snap-A-Way Black Print Carbonless Ruled Speed Letter, Triplicate",1016.7919999999999
"Snap-A-Way Black Print Carbonless Speed Message, No Reply Area, Duplicate",93.248
Socket Bluetooth Cordless Hand Scanner (CHS),506.28
Sony 16GB Class 10 Micro SDHC R40 Memory Card,190.772
Sony 32GB Class 10 Micro SDHC R40 Memory Card,251.4
Sony 64GB Class 10 Micro SDHC R40 Memory Card,899.75
Sony 8GB Class 10 Micro SDHC R40 Memory Card,27.192
Sony Micro Vault Click 16 GB USB 2.0 Flash Drive,1489.334
Sony Micro Vault Click 4 GB USB 2.0 Flash Drive,250.92000000000002
Sony Micro Vault Click 8 GB USB 2.0 Flash Drive,582.6759999999999
"Sortfiler Multipurpose Personal File Organizer, Black",483.414
Southworth 100% Cotton The Best Paper,151.536
"Southworth 100% Résumé Paper, 24lb.",262.964
Southworth 25% Cotton Antique Laid Paper & Envelopes,200.16
Southworth 25% Cotton Granite Paper & Envelopes,37.932
Southworth 25% Cotton Linen-Finish Paper & Envelopes,166.704
Southworth 25% Cotton Premium Laser Paper and Envelopes,527.472
Southworth Parchment Paper & Envelopes,83.712
Southworth Structures Collection,72.8
Space Solutions Commercial Steel Shelving,1952.43
Space Solutions HD Industrial Steel Shelving.,3035.208
Space Solutions Industrial Galvanized Steel Shelving.,520.0799999999999
Speck Products Candyshell Flip Case,188.946
"Speediset Carbonless Redi-Letter 7"" x 8 1/2""",181.456
Spigen Samsung Galaxy S5 Case Wallet,234.462
SpineVue Locking Slant-D Ring Binders by Cardinal,110.59400000000001
Spiral Phone Message Books with Labels by Adams,60.032
Square Credit Card Reader,173.826
"Square Credit Card Reader, 4 1/2"" x 4 1/2"" x 1"", White",197.802
"Square Ring Data Binders, Rigid 75 Pt. Covers, 11"" x 14-7/8""",334.368
Stackable Trays,65.296
"Stacking Tray, Side-Loading, Legal, Smoke",46.592
Stacking Trays by OIC,72.708
Standard Line While You Were Out Hardbound Telephone Message Book,211.00799999999998
Standard Rollaway File with Lock,6594.954
Stanley Bostitch Contemporary Electric Pencil Sharpeners,275.076
Stanley Contemporary Battery Pencil Sharpeners,293.7
Staple envelope,1686.8120000000001
Staple holder,528.78
Staple magnet,272.892
Staple remover,263.088
Staple-based wall hangings,422.288
Staple-on labels,53.754000000000005
Staples,755.47
Staples in misc. colors,478.812
Star Micronics TSP100 TSP143LAN Receipt Printer,1035.8
Star Micronics TSP800 TSP847IIU Receipt Printer,1286.85
StarTech.com 10/100 VDSL2 Ethernet Extender Kit,2330.65
Steel Personal Filing/Posting Tote,937.4639999999999
Sterilite Officeware Hinged File Box,345.84000000000003
Sterilite Show Offs Storage Containers,78.144
Sterling Rubber Bands by Alliance,19.782
Stiletto Hand Letter Openers,136.32
Stockwell Gold Paper Clips,8.096
Stockwell Push Pins,69.76
Storex Dura Pro Binders,278.586
Storex DuraTech Recycled Plastic Frosted Binders,94.128
Storex Flexible Poly Binders with Double Pockets,10.824
"Strathmore #10 Envelopes, Ultimate White",632.52
Strathmore Photo Frame Cards,116.96000000000001
Strathmore Photo Mount Cards,245.436
"Stride Job 150 Highlighters, Chisel Tip, Assorted Colors",17.94
"Stur-D-Stor Shelving, Vertical 5-Shelf: 72""H x 36""W x 18 1/2""D",2552.54
"Super Bands, 12/Pack",33.480000000000004
Super Decoflex Portable Personal File,179.76
Surelock Post Binders,653.984
Swingline SM12-08 MicroCut Jam Free Shredder,2359.9410000000003
"TOPS ""Important Message"" Pads, Canary, 4-1/4 x 5-1/2, 50 Sheets per Pad",70.19200000000001
"TOPS 4 x 6 Fluorescent Color Memo Sheets, 500 Sheets per Pack",102.49199999999999
"TOPS Carbonless Receipt Book, Four 2-3/4 x 7-1/4 Money Receipts per Page",406.464
"TOPS Money Receipt Book, Consecutively Numbered in Red,",88.11
"TOPS Voice Message Log Book, Flash Format",49.504
"TRENDnet 56K USB 2.0 Phone, Internet and Fax Modem",626.538
"Telephone Message Books with Fax/Mobile Section, 4 1/4"" x 6""",51.120000000000005
"Telephone Message Books with Fax/Mobile Section, 5 1/2"" x 3 3/16""",99.06
Telescoping Adjustable Floor Lamp,143.928
"Tenex ""The Solids"" Textured Chair Mats",1469.1599999999999
"Tenex 46"" x 60"" Computer Anti-Static Chairmat, Rectangular Shaped",2267.972
Tenex Antistatic Computer Chair Mats,3317.0119999999997
Tenex B1-RE Series Chair Mats for Low Pile Carpets,1002.3639999999999
"Tenex Carpeted, Granite-Look or Clear Contemporary Contour Shape Chair Mats",763.6679999999999
"Tenex Chairmat w/ Average Lip, 45"" x 53""",2058.496
Tenex Chairmats For Use With Carpeted Floors,175.78
Tenex Chairmats For Use with Hard Floors,467.712
"Tenex Contemporary Contur Chairmats for Low and Medium Pile Carpet, Computer, 39"" x 49""",1010.7819999999999
"Tenex File Box, Personal Filing Tote with Lid, Black",338.118
"Tenex Personal Filing Tote With Secure Closure Lid, Black/Frost",279.18
"Tenex Personal Project File with Scoop Front Design, Black",517.6320000000001
"Tenex Personal Self-Stacking Standard File Box, Black/Gray",229.976
"Tenex Traditional Chairmats for Hard Floors, Average Lip, 36"" x 48""",180.46
"Tenex Traditional Chairmats for Medium Pile Carpet, Standard Lip, 36"" x 48""",1322.17
"Tenex V2T-RE Standard Weight Series Chair Mat, 45"" x 53"", Lip 25"" x 12""",468.46799999999996
Tennsco 16-Compartment Lockers with Coat Rack,7515.523999999999
Tennsco 6- and 18-Compartment Lockers,10925.003999999999
Tennsco Commercial Shelving,374.256
Tennsco Double-Tier Lockers,9630.856
Tennsco Industrial Shelving,1281.442
"Tennsco Lockers, Gray",402.816
"Tennsco Lockers, Sand",407.012
Tennsco Regal Shelving Units,1764.534
Tennsco Single-Tier Lockers,9158.296
"Tennsco Snap-Together Open Shelving Units, Starter Sets and Add-On Units",6819.312
"Tennsco Stur-D-Stor Boltless Shelving, 5 Shelves, 24"" Deep, Sand",4384.044
"Tensor ""Hersey Kiss"" Styled Floor Lamp",93.52799999999999
Tensor Brushed Steel Torchiere Floor Lamp,146.11399999999998
Tensor Computer Mounted Lamp,536.04
Tensor Track Tree Floor Lamp,299.85
Texas Instrument TI-15 Fraction Calculator,41.905
Texas Instruments TI-34 Scientific Calculator,204.507
Things To Do Today Pad,138.532
Things To Do Today Spiral Book,82.368
Tops Green Bar Computer Printout Paper,342.58
Tops White Computer Printout Paper,684.74
Tops Wirebound Message Log Books,73.696
Toshiba IPT2010-SD IP Telephone,3613.74
Translucent Push Pins by OIC,24.552
"Trav-L-File Heavy-Duty Shuttle II, Black",1193.818
Trimflex Flexible Post Binders,346.356
Tripp Lite Isotel 6 Outlet Surge Protector with Fax/Modem Protection,1243.788
Tripp Lite Isotel 8 Ultra 8 Outlet Metal Surge,823.2520000000001
Tripp Lite TLP810NET Broadband Surge for Modem/Fax,937.848
Tuf-Vin Binders,669.496
Tuff Stuff Recycled Round Ring Binders,80.494
Turquoise Lead Holder with Pocket Clip,37.52
"Tyvek  Top-Opening Peel & Seel  Envelopes, Gray",610.98
"Tyvek  Top-Opening Peel & Seel Envelopes, Plain White",570.78
"Tyvek Interoffice Envelopes, 9 1/2"" x 12 1/2"", 100/Box",939.092
Tyvek Side-Opening Peel & Seel Expanding Envelopes,1266.72
Ultra Commercial Grade Dual Valve Door Closer,63.824
"Ultra Door Kickplate, 8""H x 34""W",158.24
Ultra Door Pull Handle,265.104
Ultra Door Push Plate,149.264
UniKeep View Case Binders,28.851
Universal Premium White Copier/Laser Paper (20Lb. and 87 Bright),129.168
"Universal Recycled Hanging Pressboard Report Binders, Letter Size",72.806
"Universal Ultra Bright White Copier/Laser Paper, 8 1/2"" x 11"", Ream",15.552
Unpadded Memo Slips,18.308
V7 USB Numeric Keypad,461.868
VTech DS6151,2746.582
VariCap6 Expandable Binder,122.83
"Verbatim 25 GB 6x Blu-ray Single Layer Recordable Disc, 1/Pack",83.44
"Verbatim 25 GB 6x Blu-ray Single Layer Recordable Disc, 10/Pack",150.67000000000002
"Verbatim 25 GB 6x Blu-ray Single Layer Recordable Disc, 25/Pack",248.292
"Verbatim 25 GB 6x Blu-ray Single Layer Recordable Disc, 3/Pack",184.536
"Verbatim Slim CD and DVD Storage Cases, 50/Pack",80.78
"Vinyl Coated Wire Paper Clips in Organizer Box, 800/Box",296.184
Vinyl Sectional Post Binders,901.03
"Vtech AT&T CL2940 Corded Speakerphone, Black",71.976
Vtech CS6719,2630.126
WD My Passport Ultra 1TB Portable External Hard Drive,1007.4
WD My Passport Ultra 2TB Portable External Hard Drive,3998.4
WD My Passport Ultra 500GB Portable External Hard Drive,708.0
Wasp CCD Handheld Bar Code Reader,336.51
Wausau Papers Astrobrights Colored Envelopes,50.232
Westinghouse Clip-On Gooseneck Lamps,279.558
"Westinghouse Floor Lamp with Metal Mesh Shade, Black",167.93
"Westinghouse Mesh Shade Clip-On Gooseneck Lamp, Black",84.84
Weyerhaeuser First Choice Laser/Copy Paper (20Lb. and 88 Bright),155.51999999999998
"While You Were Out Pads, 50 per Pad, 4 x 5 1/4, Green Cycle",50.138000000000005
"White Business Envelopes with Contemporary Seam, Recycled White Business Envelopes",336.952
White Computer Printout Paper by Universal,1279.08
"White Dual Perf Computer Printout Paper, 2700 Sheets, 1 Part, Heavyweight, 20 lbs., 14 7/8 x 11",909.9780000000001
"White Envelopes, White Envelopes with Clear Poly Window",320.25
White GlueTop Scratch Pads,186.49599999999998
Wi-Ex zBoost YX540 Cellular Phone Signal Booster,2481.15
Wilson Electronics DB Pro Signal Booster,8878.4
"Wilson Jones 1"" Hanging DublLock Ring Binders",117.744
Wilson Jones 14 Line Acrylic Coated Pressboard Data Binders,100.392
Wilson Jones Active Use Binders,115.024
Wilson Jones Century Plastic Molded Ring Binders,583.6370000000001
"Wilson Jones Clip & Carry Folder Binder Tool for Ring Binders, Clear",191.98
Wilson Jones Custom Binder Spines & Labels,41.344
Wilson Jones DublLock D-Ring Binders,35.775
Wilson Jones Easy Flow II Sheet Lifters,51.480000000000004
"Wilson Jones Elliptical Ring 3 1/2"" Capacity Binders, 800 sheets",834.6
Wilson Jones Four-Pocket Poly Binders,62.13
Wilson Jones Hanging Recycled Pressboard Data Binders,32.647999999999996
"Wilson Jones Hanging View Binder, White, 1""",143.42
Wilson Jones Heavy-Duty Casebound Ring Binders with Metal Hinges,554.24
Wilson Jones Impact Binders,134.68
Wilson Jones International Size A4 Ring Binders,174.73000000000002
Wilson Jones Leather-Like Binders with DublLock Round Rings,238.329
"Wilson Jones Ledger-Size, Piano-Hinge Binder, 2"", Blue",1217.106
Wilson Jones Legal Size Ring Binders,532.158
Wilson Jones Standard D-Ring Binders,96.646
Wilson Jones Suede Grain Vinyl Binders,16.402
Wilson Jones Turn Tabs Binder Tool for Ring Binders,212.08
Wilson Jones data.warehouse D-Ring Binders with DublLock,66.663
Wilson Jones Snap Scratch Pad Binder Tool for Ring Binders,100.92
Wilson SignalBoost 841262 DB PRO Amplifier Kit,5327.26
"Wirebound Four 2-3/4 x 5 Forms per Page, 400 Sets per Book",119.97
"Wirebound Message Book, 4 per Page",184.62
"Wirebound Message Books, 2 7/8"" x 5"", 3 Forms per Page",108.416
"Wirebound Message Books, 5-1/2 x 4 Forms, 2 or 4 Forms per Page",72.25200000000001
"Wirebound Message Books, Four 2 3/4 x 5 Forms per Page, 200 Sets per Book",115.434
"Wirebound Message Books, Four 2 3/4 x 5 White Forms per Page",218.094
"Wirebound Message Books, Four 2 3/4"" x 5"" Forms per Page, 600 Sets per Book",246.582
"Wirebound Message Books, Two 4 1/4"" x 5"" Forms per Page",109.584
"Wirebound Message Forms, Four 2 3/4 x 5 Forms per Page, Pink Paper",35.948
"Wirebound Service Call Books, 5 1/2"" x 4""",125.84
Wirebound Voice Message Log Book,15.232
Wireless Extenders zBoost YX545 SOHO Signal Booster,4044.3860000000004
Woodgrain Magazine Files by Perma,69.136
X-Rack File for Hanging Folders,318.378
Xblue XB-1670-86 X16 Small Office Telephone - Titanium,604.752
Xerox 188,213.192
Xerox 1880,623.744
Xerox 1881,454.36
Xerox 1882,615.78
Xerox 1883,881.092
Xerox 1884,543.456
Xerox 1885,960.8
Xerox 1886,651.4399999999999
Xerox 1887,512.1899999999999
Xerox 1888,1231.656
Xerox 1889,516.624
Xerox 189,1782.4499999999998
Xerox 1890,244.7
Xerox 1891,1320.57
Xerox 1892,178.296
Xerox 1893,1434.65
Xerox 1894,169.776
Xerox 1895,191.36
Xerox 1896,49.95
Xerox 1897,67.72800000000001
Xerox 1898,280.56
Xerox 1899,69.36
Xerox 19,415.132
Xerox 190,29.88
Xerox 1900,105.288
Xerox 1901,16.896
Xerox 1902,82.22399999999999
Xerox 1903,138.736
Xerox 1905,146.448
Xerox 1906,1098.6399999999999
Xerox 1907,122.8
Xerox 1908,1712.988
Xerox 1909,970.784
Xerox 191,767.232
Xerox 1910,586.088
Xerox 1911,603.54
Xerox 1912,201.082
Xerox 1913,865.4879999999999
Xerox 1914,956.3040000000001
Xerox 1915,2789.0099999999998
Xerox 1916,831.98
Xerox 1917,1222.75
Xerox 1918,155.04
Xerox 1919,1565.818
Xerox 192,142.56
Xerox 1920,89.7
Xerox 1921,55.944
Xerox 1922,11.952
Xerox 1923,94.856
Xerox 1924,60.112
Xerox 1925,489.48400000000004
Xerox 1926,34.86
Xerox 1927,65.056
Xerox 1928,124.608
Xerox 1929,351.736
Xerox 193,77.74000000000001
Xerox 1930,138.672
Xerox 1931,209.952
Xerox 1932,85.056
Xerox 1933,294.72
Xerox 1934,1097.2079999999999
Xerox 1935,538.152
Xerox 1936,155.844
Xerox 1937,499.616
Xerox 1938,268.24
Xerox 1939,417.34
Xerox 194,443.84000000000003
Xerox 1940,615.552
Xerox 1941,1740.51
Xerox 1942,597.068
Xerox 1943,743.432
Xerox 1944,573.648
Xerox 1945,1696.986
Xerox 1946,79.056
Xerox 1947,136.344
Xerox 1948,149.85000000000002
Xerox 1949,114.54
Xerox 195,164.328
Xerox 1950,49.708
Xerox 1951,755.912
Xerox 1952,97.60799999999999
Xerox 1953,47.08
Xerox 1954,84.48
Xerox 1955,182.72
Xerox 1956,89.7
Xerox 1957,95.904
Xerox 1958,32.400000000000006
Xerox 1959,133.6
Xerox 196,92.47999999999999
Xerox 1960,879.832
Xerox 1962,109.568
Xerox 1963,77.088
Xerox 1964,721.7439999999999
Xerox 1965,56.212
Xerox 1966,79.056
Xerox 1967,89.424
Xerox 1968,165.664
Xerox 1969,11.56
Xerox 197,501.87600000000003
Xerox 1970,101.592
Xerox 1971,113.84800000000001
Xerox 1972,46.464
Xerox 1973,169.01600000000002
Xerox 1974,57.408
Xerox 1975,69.98400000000001
Xerox 1976,36.288
Xerox 1977,130.928
Xerox 1978,174.556
Xerox 1979,328.38800000000003
Xerox 198,75.696
Xerox 1980,34.24
Xerox 1981,70.752
Xerox 1982,237.536
Xerox 1983,29.900000000000002
Xerox 1984,12.96
Xerox 1985,25.92
Xerox 1986,85.50399999999999
Xerox 1987,92.48
Xerox 1988,1102.888
Xerox 1989,7.968
Xerox 199,57.352
Xerox 1990,36.96
Xerox 1991,575.568
Xerox 1992,86.11200000000001
Xerox 1993,147.744
Xerox 1994,76.464
Xerox 1995,121.82400000000001
Xerox 1996,176.256
Xerox 1997,178.848
Xerox 1998,46.656
Xerox 1999,98.49600000000001
Xerox 2,137.376
Xerox 20,6.48
Xerox 200,84.24000000000001
Xerox 2000,84.24000000000001
Xerox 201,110.16
Xerox 202,171.072
Xerox 203,143.856
Xerox 204,110.16
Xerox 205,150.336
Xerox 206,60.912000000000006
Xerox 207,40.176
Xerox 208,54.432
Xerox 209,187.92000000000002
Xerox 21,124.416
Xerox 210,95.904
Xerox 211,104.976
Xerox 212,141.264
Xerox 213,111.456
Xerox 214,215.136
Xerox 215,45.36
Xerox 216,238.464
Xerox 217,151.632
Xerox 218,49.248000000000005
Xerox 219,97.2
Xerox 22,75.168
Xerox 220,145.15200000000002
Xerox 221,80.352
Xerox 222,134.784
Xerox 223,58.32
Xerox 224,95.904
Xerox 225,196.99200000000002
Xerox 226,334.368
Xerox 227,120.528
Xerox 228,97.2
Xerox 229,85.536
Xerox 23,141.264
Xerox 230,127.008
Xerox 231,79.05600000000001
Xerox 232,120.52799999999999
Xerox 4200 Series MultiUse Premium Copy Paper (20Lb. and 84 Bright),139.392
Xerox Blank Computer Paper,99.9
"Xerox Color Copier Paper, 11"" x 17"", Ream",593.84
Xerox WorkCentre 6505DN Laser Multifunction Printer,2519.958
Xiaomi Mi3,2279.96
"XtraLife ClearVue Slant-D Ring Binder, White, 3""",386.084
XtraLife ClearVue Slant-D Ring Binders by Cardinal,72.912
Zebra GK420t Direct Thermal/Thermal Transfer Printer,703.71
Zebra GX420t Direct Thermal/Thermal Transfer Printer,5787.355
Zebra ZM400 Thermal Label Printer,6965.700000000001
Zebra Zazzle Fluorescent Highlighters,100.928
Zipper Ring Binder Pockets,81.744
i.Sound Portable Power - 8000 mAh,413.322
iHome FM Clock Radio with Lightning Dock,699.9
"iKross Bluetooth Portable Keyboard + Cell Phone Stand Holder + Brush for Apple iPhone 5S 5C 5, 4S 4",477.66
iOttie HLCRIO102 Car Mount,215.892
iOttie XL Car Mount,223.88799999999998
invisibleSHIELD by ZAGG Smudge-Free Screen Protector,442.554
netTALK DUO VoIP Telephone Service,1112.788
